-- --------------------------------------------------------
-- Host:                         127.0.0.1
-- Server version:               5.7.18-0ubuntu0.16.04.1-log - (Ubuntu)
-- Server OS:                    Linux
-- HeidiSQL Version:             9.4.0.5125
-- --------------------------------------------------------

/*!40101 SET @OLD_CHARACTER_SET_CLIENT=@@CHARACTER_SET_CLIENT */;
/*!40101 SET NAMES utf8 */;
/*!50503 SET NAMES utf8mb4 */;
/*!40014 SET @OLD_FOREIGN_KEY_CHECKS=@@FOREIGN_KEY_CHECKS, FOREIGN_KEY_CHECKS=0 */;
/*!40101 SET @OLD_SQL_MODE=@@SQL_MODE, SQL_MODE='NO_AUTO_VALUE_ON_ZERO' */;


-- Dumping database structure for MCDM-AHP
CREATE DATABASE IF NOT EXISTS `MCDM-AHP` /*!40100 DEFAULT CHARACTER SET utf8 */;
USE `MCDM-AHP`;

-- Dumping structure for table MCDM-AHP.containers
CREATE TABLE IF NOT EXISTS `containers` (
  `container_id` varchar(255) NOT NULL,
  `name` varchar(255) DEFAULT NULL,
  `status` varchar(255) DEFAULT NULL,
  `timestamps` datetime DEFAULT NULL,
  PRIMARY KEY (`container_id`)
) ENGINE=InnoDB DEFAULT CHARSET=utf8;

-- Dumping data for table MCDM-AHP.containers: ~10 rows (approximately)
/*!40000 ALTER TABLE `containers` DISABLE KEYS */;
INSERT IGNORE INTO `containers` (`container_id`, `name`, `status`, `timestamps`) VALUES
	('09ec2e3dda', 'moodle5', 'running', '2017-05-08 07:57:53'),
	('1a30acb310', 'moodle7', 'running', '2017-05-08 07:57:53'),
	('564902bf87', 'moodle1', 'running', '2017-05-08 07:57:53'),
	('6d91d2cb6f', 'moodle10', 'running', '2017-05-08 07:57:53'),
	('789fbff82c', 'moodle9', 'running', '2017-05-08 07:57:53'),
	('9140083cc3', 'moodle4', 'running', '2017-05-08 07:57:53'),
	('ac104de2de', 'moodle8', 'running', '2017-05-08 07:57:53'),
	('d356531399', 'moodle2', 'running', '2017-05-08 07:57:53'),
	('e1a2b3093d', 'moodle3', 'running', '2017-05-08 07:57:52'),
	('e8f15c5873', 'moodle6', 'running', '2017-05-08 07:57:53');
/*!40000 ALTER TABLE `containers` ENABLE KEYS */;

-- Dumping structure for table MCDM-AHP.result
CREATE TABLE IF NOT EXISTS `result` (
  `container_id_hours` varchar(255) DEFAULT NULL,
  `container_id_days` varchar(255) DEFAULT NULL,
  `container_id_weeks` varchar(255) DEFAULT NULL,
  `score_hours` float DEFAULT NULL,
  `score_days` float DEFAULT NULL,
  `score_weeks` float DEFAULT NULL,
  `hour_from` datetime DEFAULT NULL,
  `day_from` datetime DEFAULT NULL,
  `week_from` datetime DEFAULT NULL,
  `timestamps` datetime NOT NULL,
  PRIMARY KEY (`timestamps`)
) ENGINE=InnoDB DEFAULT CHARSET=utf8;

-- Dumping data for table MCDM-AHP.result: ~1 rows (approximately)
/*!40000 ALTER TABLE `result` DISABLE KEYS */;
INSERT IGNORE INTO `result` (`container_id_hours`, `container_id_days`, `container_id_weeks`, `score_hours`, `score_days`, `score_weeks`, `hour_from`, `day_from`, `week_from`, `timestamps`) VALUES
	('ac104de2de', 'ac104de2de', 'ac104de2de', 0.267782, 0.267782, 0.267782, '2017-05-07 18:37:56', '2017-05-06 00:37:56', '2017-05-01 00:37:56', '2017-05-08 00:37:56'),
	('ac104de2de', 'ac104de2de', 'ac104de2de', 0.202494, 0.202494, 0.202494, '2017-05-07 18:57:53', '2017-05-06 00:57:53', '2017-05-01 00:57:53', '2017-05-08 00:57:53'),
	('ac104de2de', 'ac104de2de', 'ac104de2de', 0.182927, 0.182927, 0.182927, '2017-05-07 19:07:53', '2017-05-06 01:07:53', '2017-05-01 01:07:53', '2017-05-08 01:07:53'),
	('d356531399', 'd356531399', 'd356531399', 0.180641, 0.180641, 0.180641, '2017-05-07 19:17:53', '2017-05-06 01:17:53', '2017-05-01 01:17:53', '2017-05-08 01:17:53'),
	('d356531399', 'd356531399', 'd356531399', 0.186313, 0.186313, 0.186313, '2017-05-07 19:27:53', '2017-05-06 01:27:53', '2017-05-01 01:27:53', '2017-05-08 01:27:53'),
	('d356531399', 'd356531399', 'd356531399', 0.184539, 0.184539, 0.184539, '2017-05-07 19:47:53', '2017-05-06 01:47:53', '2017-05-01 01:47:53', '2017-05-08 01:47:53'),
	('d356531399', 'd356531399', 'd356531399', 0.187167, 0.187167, 0.187167, '2017-05-07 19:57:53', '2017-05-06 01:57:53', '2017-05-01 01:57:53', '2017-05-08 01:57:53'),
	('d356531399', 'd356531399', 'd356531399', 0.187976, 0.187976, 0.187976, '2017-05-07 20:07:53', '2017-05-06 02:07:53', '2017-05-01 02:07:53', '2017-05-08 02:07:53'),
	('d356531399', 'd356531399', 'd356531399', 0.188791, 0.188791, 0.188791, '2017-05-07 20:17:53', '2017-05-06 02:17:53', '2017-05-01 02:17:53', '2017-05-08 02:17:53'),
	('d356531399', 'd356531399', 'd356531399', 0.188253, 0.188253, 0.188253, '2017-05-07 20:27:53', '2017-05-06 02:27:53', '2017-05-01 02:27:53', '2017-05-08 02:27:53'),
	('d356531399', 'd356531399', 'd356531399', 0.189865, 0.189865, 0.189865, '2017-05-07 20:37:53', '2017-05-06 02:37:53', '2017-05-01 02:37:53', '2017-05-08 02:37:53'),
	('d356531399', 'd356531399', 'd356531399', 0.192965, 0.192965, 0.192965, '2017-05-07 20:57:53', '2017-05-06 02:57:53', '2017-05-01 02:57:53', '2017-05-08 02:57:53'),
	('d356531399', 'd356531399', 'd356531399', 0.193903, 0.193903, 0.193903, '2017-05-07 21:07:53', '2017-05-06 03:07:53', '2017-05-01 03:07:53', '2017-05-08 03:07:53'),
	('d356531399', 'd356531399', 'd356531399', 0.195114, 0.195114, 0.195114, '2017-05-07 21:27:53', '2017-05-06 03:27:53', '2017-05-01 03:27:53', '2017-05-08 03:27:53'),
	('d356531399', 'd356531399', 'd356531399', 0.197407, 0.197407, 0.197407, '2017-05-07 21:47:53', '2017-05-06 03:47:53', '2017-05-01 03:47:53', '2017-05-08 03:47:53'),
	('d356531399', 'd356531399', 'd356531399', 0.198105, 0.198105, 0.198105, '2017-05-07 21:57:53', '2017-05-06 03:57:53', '2017-05-01 03:57:53', '2017-05-08 03:57:53'),
	('d356531399', 'd356531399', 'd356531399', 0.197945, 0.197945, 0.197945, '2017-05-07 22:07:53', '2017-05-06 04:07:53', '2017-05-01 04:07:53', '2017-05-08 04:07:53'),
	('d356531399', 'd356531399', 'd356531399', 0.199136, 0.199136, 0.199136, '2017-05-07 22:17:53', '2017-05-06 04:17:53', '2017-05-01 04:17:53', '2017-05-08 04:17:53'),
	('d356531399', 'd356531399', 'd356531399', 0.198439, 0.198439, 0.198439, '2017-05-07 22:27:53', '2017-05-06 04:27:53', '2017-05-01 04:27:53', '2017-05-08 04:27:53'),
	('d356531399', 'd356531399', 'd356531399', 0.198355, 0.198355, 0.198355, '2017-05-07 22:37:53', '2017-05-06 04:37:53', '2017-05-01 04:37:53', '2017-05-08 04:37:53'),
	('d356531399', 'd356531399', 'd356531399', 0.199222, 0.199222, 0.199222, '2017-05-07 22:47:53', '2017-05-06 04:47:53', '2017-05-01 04:47:53', '2017-05-08 04:47:53'),
	('d356531399', 'd356531399', 'd356531399', 0.198169, 0.198169, 0.198169, '2017-05-07 23:07:53', '2017-05-06 05:07:53', '2017-05-01 05:07:53', '2017-05-08 05:07:53'),
	('d356531399', 'd356531399', 'd356531399', 0.19913, 0.19913, 0.19913, '2017-05-07 23:17:53', '2017-05-06 05:17:53', '2017-05-01 05:17:53', '2017-05-08 05:17:53'),
	('d356531399', 'd356531399', 'd356531399', 0.199688, 0.199688, 0.199688, '2017-05-07 23:27:53', '2017-05-06 05:27:53', '2017-05-01 05:27:53', '2017-05-08 05:27:53'),
	('d356531399', 'd356531399', 'd356531399', 0.199665, 0.199665, 0.199665, '2017-05-07 23:37:53', '2017-05-06 05:37:53', '2017-05-01 05:37:53', '2017-05-08 05:37:53'),
	('d356531399', 'd356531399', 'd356531399', 0.200637, 0.200637, 0.200637, '2017-05-07 23:47:53', '2017-05-06 05:47:53', '2017-05-01 05:47:53', '2017-05-08 05:47:53'),
	('d356531399', 'd356531399', 'd356531399', 0.20335, 0.20335, 0.20335, '2017-05-08 00:07:53', '2017-05-06 06:07:53', '2017-05-01 06:07:53', '2017-05-08 06:07:53'),
	('d356531399', 'd356531399', 'd356531399', 0.203997, 0.203997, 0.203997, '2017-05-08 00:27:53', '2017-05-06 06:27:53', '2017-05-01 06:27:53', '2017-05-08 06:27:53'),
	('d356531399', 'd356531399', 'd356531399', 0.203199, 0.203199, 0.203199, '2017-05-08 00:37:53', '2017-05-06 06:37:53', '2017-05-01 06:37:53', '2017-05-08 06:37:53'),
	('d356531399', 'd356531399', 'd356531399', 0.221056, 0.202474, 0.202474, '2017-05-08 00:47:53', '2017-05-06 06:47:53', '2017-05-01 06:47:53', '2017-05-08 06:47:53'),
	('d356531399', 'd356531399', 'd356531399', 0.221112, 0.20276, 0.20276, '2017-05-08 00:57:53', '2017-05-06 06:57:53', '2017-05-01 06:57:53', '2017-05-08 06:57:53'),
	('d356531399', 'd356531399', 'd356531399', 0.22083, 0.203141, 0.203141, '2017-05-08 01:17:53', '2017-05-06 07:17:53', '2017-05-01 07:17:53', '2017-05-08 07:17:53'),
	('d356531399', 'd356531399', 'd356531399', 0.22083, 0.203141, 0.203141, '2017-05-08 01:27:53', '2017-05-06 07:27:53', '2017-05-01 07:27:53', '2017-05-08 07:27:53'),
	('d356531399', 'd356531399', 'd356531399', 0.221827, 0.203584, 0.203584, '2017-05-08 01:37:53', '2017-05-06 07:37:53', '2017-05-01 07:37:53', '2017-05-08 07:37:53'),
	('d356531399', 'd356531399', 'd356531399', 0.221942, 0.203834, 0.203834, '2017-05-08 01:47:53', '2017-05-06 07:47:53', '2017-05-01 07:47:53', '2017-05-08 07:47:53');
/*!40000 ALTER TABLE `result` ENABLE KEYS */;

-- Dumping structure for table MCDM-AHP.stats
CREATE TABLE IF NOT EXISTS `stats` (
  `id` varchar(255) NOT NULL,
  `container_id` varchar(255) DEFAULT NULL,
  `container_name` varchar(255) DEFAULT NULL,
  `cpu` int(11) DEFAULT NULL,
  `memory` float DEFAULT NULL,
  `memory_percentage` float DEFAULT NULL,
  `last_time_access` datetime DEFAULT NULL,
  `last_time_access_percentage` float DEFAULT NULL,
  `timestamps` datetime DEFAULT NULL,
  PRIMARY KEY (`id`)
) ENGINE=InnoDB DEFAULT CHARSET=utf8;

-- Dumping data for table MCDM-AHP.stats: ~10 rows (approximately)
/*!40000 ALTER TABLE `stats` DISABLE KEYS */;
INSERT IGNORE INTO `stats` (`id`, `container_id`, `container_name`, `cpu`, `memory`, `memory_percentage`, `last_time_access`, `last_time_access_percentage`, `timestamps`) VALUES
	('09ec2e3dda1494178676', '09ec2e3dda', 'moodle5', 0, 89.5234, 1.13419, '2017-05-06 16:23:49', 134.341, '2017-05-08 00:37:56'),
	('09ec2e3dda1494179272', '09ec2e3dda', 'moodle5', 0, 89.5234, 1.13419, '2017-05-06 16:23:49', 135.03, '2017-05-08 00:47:53'),
	('09ec2e3dda1494179872', '09ec2e3dda', 'moodle5', 0, 89.5273, 1.13424, '2017-05-06 16:23:49', 135.724, '2017-05-08 00:57:53'),
	('09ec2e3dda1494179873', '09ec2e3dda', 'moodle5', 0, 89.5273, 1.13424, '2017-05-06 16:23:49', 135.724, '2017-05-08 00:57:53'),
	('09ec2e3dda1494180472', '09ec2e3dda', 'moodle5', 0, 89.5234, 1.13419, '2017-05-06 16:23:49', 136.418, '2017-05-08 01:07:53'),
	('09ec2e3dda1494181072', '09ec2e3dda', 'moodle5', 0, 89.5234, 1.13419, '2017-05-06 16:23:49', 137.113, '2017-05-08 01:17:53'),
	('09ec2e3dda1494181672', '09ec2e3dda', 'moodle5', 0, 89.5234, 1.13419, '2017-05-06 16:23:49', 137.807, '2017-05-08 01:27:53'),
	('09ec2e3dda1494182272', '09ec2e3dda', 'moodle5', 0, 89.5195, 1.13414, '2017-05-06 16:23:49', 138.501, '2017-05-08 01:37:53'),
	('09ec2e3dda1494182872', '09ec2e3dda', 'moodle5', 0, 89.5234, 1.13419, '2017-05-06 16:23:49', 139.196, '2017-05-08 01:47:53'),
	('09ec2e3dda1494183472', '09ec2e3dda', 'moodle5', 0, 93.2656, 1.1816, '2017-05-06 16:23:49', 139.892, '2017-05-08 01:57:53'),
	('09ec2e3dda1494184072', '09ec2e3dda', 'moodle5', 0, 93.2578, 1.1815, '2017-05-06 16:23:49', 140.585, '2017-05-08 02:07:53'),
	('09ec2e3dda1494184672', '09ec2e3dda', 'moodle5', 0, 93.2656, 1.1816, '2017-05-06 16:23:49', 141.279, '2017-05-08 02:17:53'),
	('09ec2e3dda1494185272', '09ec2e3dda', 'moodle5', 0, 93.2656, 1.1816, '2017-05-06 16:23:49', 141.975, '2017-05-08 02:27:53'),
	('09ec2e3dda1494185872', '09ec2e3dda', 'moodle5', 0, 93.2656, 1.1816, '2017-05-06 16:23:49', 142.668, '2017-05-08 02:37:53'),
	('09ec2e3dda1494186472', '09ec2e3dda', 'moodle5', 0, 93.2656, 1.1816, '2017-05-06 16:23:49', 143.364, '2017-05-08 02:47:52'),
	('09ec2e3dda1494187072', '09ec2e3dda', 'moodle5', 0, 93.2656, 1.1816, '2017-05-06 16:23:49', 144.057, '2017-05-08 02:57:53'),
	('09ec2e3dda1494187672', '09ec2e3dda', 'moodle5', 0, 93.2656, 1.1816, '2017-05-06 16:23:49', 144.752, '2017-05-08 03:07:53'),
	('09ec2e3dda1494188272', '09ec2e3dda', 'moodle5', 0, 93.2656, 1.1816, '2017-05-06 16:23:49', 145.446, '2017-05-08 03:17:53'),
	('09ec2e3dda1494188872', '09ec2e3dda', 'moodle5', 0, 93.2656, 1.1816, '2017-05-06 16:23:49', 146.142, '2017-05-08 03:27:53'),
	('09ec2e3dda1494189472', '09ec2e3dda', 'moodle5', 0, 93.2656, 1.1816, '2017-05-06 16:23:49', 146.834, '2017-05-08 03:37:53'),
	('09ec2e3dda1494190072', '09ec2e3dda', 'moodle5', 0, 93.2656, 1.1816, '2017-05-06 16:23:49', 147.53, '2017-05-08 03:47:53'),
	('09ec2e3dda1494190672', '09ec2e3dda', 'moodle5', 0, 93.2695, 1.18165, '2017-05-06 16:23:49', 148.224, '2017-05-08 03:57:53'),
	('09ec2e3dda1494191272', '09ec2e3dda', 'moodle5', 0, 93.2656, 1.1816, '2017-05-06 16:23:49', 148.917, '2017-05-08 04:07:53'),
	('09ec2e3dda1494191872', '09ec2e3dda', 'moodle5', 0, 93.2617, 1.18155, '2017-05-06 16:23:49', 149.613, '2017-05-08 04:17:53'),
	('09ec2e3dda1494192472', '09ec2e3dda', 'moodle5', 0, 93.2656, 1.1816, '2017-05-06 16:23:49', 150.307, '2017-05-08 04:27:53'),
	('09ec2e3dda1494193072', '09ec2e3dda', 'moodle5', 0, 93.2617, 1.18155, '2017-05-06 16:23:49', 151.001, '2017-05-08 04:37:53'),
	('09ec2e3dda1494193672', '09ec2e3dda', 'moodle5', 0, 93.2617, 1.18155, '2017-05-06 16:23:49', 151.696, '2017-05-08 04:47:53'),
	('09ec2e3dda1494194272', '09ec2e3dda', 'moodle5', 0, 93.2656, 1.1816, '2017-05-06 16:23:49', 152.391, '2017-05-08 04:57:53'),
	('09ec2e3dda1494194872', '09ec2e3dda', 'moodle5', 0, 93.2656, 1.1816, '2017-05-06 16:23:49', 153.086, '2017-05-08 05:07:53'),
	('09ec2e3dda1494195472', '09ec2e3dda', 'moodle5', 0, 93.2656, 1.1816, '2017-05-06 16:23:49', 153.78, '2017-05-08 05:17:53'),
	('09ec2e3dda1494196072', '09ec2e3dda', 'moodle5', 0, 93.2656, 1.1816, '2017-05-06 16:23:49', 154.474, '2017-05-08 05:27:53'),
	('09ec2e3dda1494196672', '09ec2e3dda', 'moodle5', 0, 93.2656, 1.1816, '2017-05-06 16:23:49', 155.167, '2017-05-08 05:37:53'),
	('09ec2e3dda1494197272', '09ec2e3dda', 'moodle5', 0, 93.2656, 1.1816, '2017-05-06 16:23:49', 155.863, '2017-05-08 05:47:53'),
	('09ec2e3dda1494197872', '09ec2e3dda', 'moodle5', 0, 93.2656, 1.1816, '2017-05-06 16:23:49', 156.556, '2017-05-08 05:57:53'),
	('09ec2e3dda1494198472', '09ec2e3dda', 'moodle5', 0, 93.2734, 1.1817, '2017-05-06 16:23:49', 157.252, '2017-05-08 06:07:53'),
	('09ec2e3dda1494198473', '09ec2e3dda', 'moodle5', 0, 93.2734, 1.1817, '2017-05-06 16:23:49', 157.253, '2017-05-08 06:07:53'),
	('09ec2e3dda1494199072', '09ec2e3dda', 'moodle5', 0, 93.2734, 1.1817, '2017-05-06 16:23:49', 157.944, '2017-05-08 06:17:53'),
	('09ec2e3dda1494199672', '09ec2e3dda', 'moodle5', 0, 93.2734, 1.1817, '2017-05-06 16:23:49', 158.64, '2017-05-08 06:27:53'),
	('09ec2e3dda1494199673', '09ec2e3dda', 'moodle5', 0, 93.2734, 1.1817, '2017-05-06 16:23:49', 158.64, '2017-05-08 06:27:53'),
	('09ec2e3dda1494200272', '09ec2e3dda', 'moodle5', 0, 93.2734, 1.1817, '2017-05-06 16:23:49', 159.336, '2017-05-08 06:37:53'),
	('09ec2e3dda1494200872', '09ec2e3dda', 'moodle5', 0, 93.2695, 1.18165, '2017-05-06 16:23:49', 160.031, '2017-05-08 06:47:53'),
	('09ec2e3dda1494201472', '09ec2e3dda', 'moodle5', 0, 93.2695, 1.18165, '2017-05-06 16:23:49', 160.724, '2017-05-08 06:57:53'),
	('09ec2e3dda1494202072', '09ec2e3dda', 'moodle5', 0, 93.2695, 1.18165, '2017-05-06 16:23:49', 161.417, '2017-05-08 07:07:52'),
	('09ec2e3dda1494202672', '09ec2e3dda', 'moodle5', 0, 93.2695, 1.18165, '2017-05-06 16:23:49', 162.113, '2017-05-08 07:17:53'),
	('09ec2e3dda1494202673', '09ec2e3dda', 'moodle5', 0, 93.2695, 1.18165, '2017-05-06 16:23:49', 162.113, '2017-05-08 07:17:53'),
	('09ec2e3dda1494203272', '09ec2e3dda', 'moodle5', 0, 93.2695, 1.18165, '2017-05-06 16:23:49', 162.807, '2017-05-08 07:27:53'),
	('09ec2e3dda1494203872', '09ec2e3dda', 'moodle5', 0, 92.3867, 1.17047, '2017-05-06 16:23:49', 163.503, '2017-05-08 07:37:53'),
	('09ec2e3dda1494204472', '09ec2e3dda', 'moodle5', 0, 92.1914, 1.16799, '2017-05-06 16:23:49', 164.196, '2017-05-08 07:47:53'),
	('09ec2e3dda1494205072', '09ec2e3dda', 'moodle5', 0, 92.1523, 1.1675, '2017-05-06 16:23:49', 164.89, '2017-05-08 07:57:53'),
	('1a30acb3101494178676', '1a30acb310', 'moodle7', 0, 90.8906, 1.15151, '2017-05-06 16:28:00', 134.046, '2017-05-08 00:37:56'),
	('1a30acb3101494179272', '1a30acb310', 'moodle7', 1, 128.93, 1.63344, '2017-05-06 16:28:00', 134.733, '2017-05-08 00:47:52'),
	('1a30acb3101494179872', '1a30acb310', 'moodle7', 5, 90.8906, 1.15151, '2017-05-06 16:28:00', 135.428, '2017-05-08 00:57:53'),
	('1a30acb3101494179873', '1a30acb310', 'moodle7', 5, 90.8906, 1.15151, '2017-05-06 16:28:00', 135.428, '2017-05-08 00:57:53'),
	('1a30acb3101494180472', '1a30acb310', 'moodle7', 19, 90.8906, 1.15151, '2017-05-06 16:28:00', 136.122, '2017-05-08 01:07:53'),
	('1a30acb3101494181072', '1a30acb310', 'moodle7', 3, 90.8906, 1.15151, '2017-05-06 16:28:00', 136.817, '2017-05-08 01:17:53'),
	('1a30acb3101494181672', '1a30acb310', 'moodle7', 31, 90.8906, 1.15151, '2017-05-06 16:28:00', 137.511, '2017-05-08 01:27:53'),
	('1a30acb3101494182272', '1a30acb310', 'moodle7', 5, 90.8906, 1.15151, '2017-05-06 16:28:00', 138.206, '2017-05-08 01:37:53'),
	('1a30acb3101494182872', '1a30acb310', 'moodle7', 3, 90.8906, 1.15151, '2017-05-06 16:28:00', 138.9, '2017-05-08 01:47:53'),
	('1a30acb3101494183472', '1a30acb310', 'moodle7', 2, 130.707, 1.65596, '2017-05-06 16:28:00', 139.594, '2017-05-08 01:57:53'),
	('1a30acb3101494184072', '1a30acb310', 'moodle7', 20, 92.7617, 1.17522, '2017-05-06 16:28:00', 140.289, '2017-05-08 02:07:53'),
	('1a30acb3101494184672', '1a30acb310', 'moodle7', 19, 92.7617, 1.17522, '2017-05-06 16:28:00', 140.983, '2017-05-08 02:17:53'),
	('1a30acb3101494185272', '1a30acb310', 'moodle7', 2, 128.047, 1.62225, '2017-05-06 16:28:00', 141.678, '2017-05-08 02:27:53'),
	('1a30acb3101494185872', '1a30acb310', 'moodle7', 2, 92.7578, 1.17517, '2017-05-06 16:28:00', 142.372, '2017-05-08 02:37:53'),
	('1a30acb3101494186472', '1a30acb310', 'moodle7', 2, 92.7617, 1.17522, '2017-05-06 16:28:00', 143.068, '2017-05-08 02:47:53'),
	('1a30acb3101494187072', '1a30acb310', 'moodle7', 0, 92.7617, 1.17522, '2017-05-06 16:28:00', 143.762, '2017-05-08 02:57:53'),
	('1a30acb3101494187672', '1a30acb310', 'moodle7', 20, 92.7617, 1.17522, '2017-05-06 16:28:00', 144.455, '2017-05-08 03:07:53'),
	('1a30acb3101494188272', '1a30acb310', 'moodle7', 2, 92.7617, 1.17522, '2017-05-06 16:28:00', 145.151, '2017-05-08 03:17:53'),
	('1a30acb3101494188872', '1a30acb310', 'moodle7', 15, 92.7617, 1.17522, '2017-05-06 16:28:00', 145.844, '2017-05-08 03:27:53'),
	('1a30acb3101494189472', '1a30acb310', 'moodle7', 2, 127.875, 1.62008, '2017-05-06 16:28:00', 146.539, '2017-05-08 03:37:53'),
	('1a30acb3101494190072', '1a30acb310', 'moodle7', 1, 132.621, 1.68021, '2017-05-06 16:28:00', 147.233, '2017-05-08 03:47:53'),
	('1a30acb3101494190672', '1a30acb310', 'moodle7', 19, 92.7617, 1.17522, '2017-05-06 16:28:00', 147.928, '2017-05-08 03:57:53'),
	('1a30acb3101494191272', '1a30acb310', 'moodle7', 2, 92.7617, 1.17522, '2017-05-06 16:28:00', 148.622, '2017-05-08 04:07:53'),
	('1a30acb3101494191872', '1a30acb310', 'moodle7', 24, 92.7617, 1.17522, '2017-05-06 16:28:00', 149.317, '2017-05-08 04:17:53'),
	('1a30acb3101494192472', '1a30acb310', 'moodle7', 23, 92.7617, 1.17522, '2017-05-06 16:28:00', 150.011, '2017-05-08 04:27:53'),
	('1a30acb3101494193072', '1a30acb310', 'moodle7', 0, 92.7617, 1.17522, '2017-05-06 16:28:00', 150.706, '2017-05-08 04:37:53'),
	('1a30acb3101494193672', '1a30acb310', 'moodle7', 0, 127.031, 1.60939, '2017-05-06 16:28:00', 151.4, '2017-05-08 04:47:53'),
	('1a30acb3101494194272', '1a30acb310', 'moodle7', 50, 92.7617, 1.17522, '2017-05-06 16:28:00', 152.094, '2017-05-08 04:57:53'),
	('1a30acb3101494194872', '1a30acb310', 'moodle7', 2, 127.312, 1.61295, '2017-05-06 16:28:00', 152.79, '2017-05-08 05:07:53'),
	('1a30acb3101494195472', '1a30acb310', 'moodle7', 2, 132.609, 1.68006, '2017-05-06 16:28:00', 153.483, '2017-05-08 05:17:53'),
	('1a30acb3101494196072', '1a30acb310', 'moodle7', 6, 92.7617, 1.17522, '2017-05-06 16:28:00', 154.178, '2017-05-08 05:27:53'),
	('1a30acb3101494196672', '1a30acb310', 'moodle7', 2, 92.7617, 1.17522, '2017-05-06 16:28:00', 154.872, '2017-05-08 05:37:53'),
	('1a30acb3101494197272', '1a30acb310', 'moodle7', 1, 128.883, 1.63284, '2017-05-06 16:28:00', 155.567, '2017-05-08 05:47:53'),
	('1a30acb3101494197872', '1a30acb310', 'moodle7', 2, 92.7617, 1.17522, '2017-05-06 16:28:00', 156.261, '2017-05-08 05:57:53'),
	('1a30acb3101494198472', '1a30acb310', 'moodle7', 0, 92.7695, 1.17532, '2017-05-06 16:28:00', 156.955, '2017-05-08 06:07:53'),
	('1a30acb3101494198473', '1a30acb310', 'moodle7', 0, 92.7695, 1.17532, '2017-05-06 16:28:00', 156.955, '2017-05-08 06:07:53'),
	('1a30acb3101494199072', '1a30acb310', 'moodle7', 1, 132.398, 1.67738, '2017-05-06 16:28:00', 157.649, '2017-05-08 06:17:53'),
	('1a30acb3101494199672', '1a30acb310', 'moodle7', 28, 92.7695, 1.17532, '2017-05-06 16:28:00', 158.344, '2017-05-08 06:27:53'),
	('1a30acb3101494199673', '1a30acb310', 'moodle7', 28, 92.7695, 1.17532, '2017-05-06 16:28:00', 158.344, '2017-05-08 06:27:53'),
	('1a30acb3101494200272', '1a30acb310', 'moodle7', 39, 92.7695, 1.17532, '2017-05-06 16:28:00', 159.04, '2017-05-08 06:37:53'),
	('1a30acb3101494200872', '1a30acb310', 'moodle7', 1, 130.633, 1.65502, '2017-05-06 16:28:00', 159.733, '2017-05-08 06:47:53'),
	('1a30acb3101494201472', '1a30acb310', 'moodle7', 25, 92.7695, 1.17532, '2017-05-06 16:28:00', 160.428, '2017-05-08 06:57:53'),
	('1a30acb3101494202072', '1a30acb310', 'moodle7', 2, 92.7695, 1.17532, '2017-05-06 16:28:00', 161.122, '2017-05-08 07:07:53'),
	('1a30acb3101494202672', '1a30acb310', 'moodle7', 24, 92.7695, 1.17532, '2017-05-06 16:28:00', 161.817, '2017-05-08 07:17:53'),
	('1a30acb3101494202673', '1a30acb310', 'moodle7', 24, 92.7695, 1.17532, '2017-05-06 16:28:00', 161.817, '2017-05-08 07:17:53'),
	('1a30acb3101494203272', '1a30acb310', 'moodle7', 3, 130.816, 1.65734, '2017-05-06 16:28:00', 162.511, '2017-05-08 07:27:53'),
	('1a30acb3101494203872', '1a30acb310', 'moodle7', 8, 92.2656, 1.16893, '2017-05-06 16:28:00', 163.207, '2017-05-08 07:37:53'),
	('1a30acb3101494204472', '1a30acb310', 'moodle7', 8, 91.8594, 1.16379, '2017-05-06 16:28:00', 163.9, '2017-05-08 07:47:53'),
	('1a30acb3101494205072', '1a30acb310', 'moodle7', 4, 91.7773, 1.16275, '2017-05-06 16:28:00', 164.594, '2017-05-08 07:57:53'),
	('564902bf871494178676', '564902bf87', 'moodle1', 0, 116.508, 1.47606, '2017-05-07 16:55:44', 32.1025, '2017-05-08 00:37:56'),
	('564902bf871494179272', '564902bf87', 'moodle1', 0, 116.508, 1.47606, '2017-05-07 16:55:44', 32.7922, '2017-05-08 00:47:53'),
	('564902bf871494179872', '564902bf87', 'moodle1', 0, 116.508, 1.47606, '2017-05-07 16:55:44', 33.4867, '2017-05-08 00:57:53'),
	('564902bf871494179873', '564902bf87', 'moodle1', 0, 116.508, 1.47606, '2017-05-07 16:55:44', 33.4867, '2017-05-08 00:57:53'),
	('564902bf871494180472', '564902bf87', 'moodle1', 0, 116.508, 1.47606, '2017-05-07 16:55:44', 34.1812, '2017-05-08 01:07:53'),
	('564902bf871494181072', '564902bf87', 'moodle1', 0, 116.512, 1.47611, '2017-05-07 16:55:44', 34.8755, '2017-05-08 01:17:53'),
	('564902bf871494181672', '564902bf87', 'moodle1', 0, 116.508, 1.47606, '2017-05-07 16:55:44', 35.5701, '2017-05-08 01:27:53'),
	('564902bf871494182272', '564902bf87', 'moodle1', 0, 116.508, 1.47606, '2017-05-07 16:55:44', 36.2645, '2017-05-08 01:37:53'),
	('564902bf871494182872', '564902bf87', 'moodle1', 0, 116.504, 1.47601, '2017-05-07 16:55:44', 36.9589, '2017-05-08 01:47:53'),
	('564902bf871494183472', '564902bf87', 'moodle1', 0, 116.508, 1.47606, '2017-05-07 16:55:44', 37.6533, '2017-05-08 01:57:53'),
	('564902bf871494184072', '564902bf87', 'moodle1', 0, 116.512, 1.47611, '2017-05-07 16:55:44', 38.3478, '2017-05-08 02:07:53'),
	('564902bf871494184672', '564902bf87', 'moodle1', 0, 116.512, 1.47611, '2017-05-07 16:55:44', 39.0423, '2017-05-08 02:17:53'),
	('564902bf871494185272', '564902bf87', 'moodle1', 0, 116.512, 1.47611, '2017-05-07 16:55:44', 39.7367, '2017-05-08 02:27:53'),
	('564902bf871494185872', '564902bf87', 'moodle1', 0, 116.512, 1.47611, '2017-05-07 16:55:44', 40.4311, '2017-05-08 02:37:53'),
	('564902bf871494186472', '564902bf87', 'moodle1', 0, 116.512, 1.47611, '2017-05-07 16:55:44', 41.1256, '2017-05-08 02:47:53'),
	('564902bf871494187072', '564902bf87', 'moodle1', 0, 116.512, 1.47611, '2017-05-07 16:55:44', 41.82, '2017-05-08 02:57:53'),
	('564902bf871494187672', '564902bf87', 'moodle1', 0, 116.512, 1.47611, '2017-05-07 16:55:44', 42.5145, '2017-05-08 03:07:53'),
	('564902bf871494188272', '564902bf87', 'moodle1', 0, 116.512, 1.47611, '2017-05-07 16:55:44', 43.209, '2017-05-08 03:17:53'),
	('564902bf871494188872', '564902bf87', 'moodle1', 0, 116.512, 1.47611, '2017-05-07 16:55:44', 43.9035, '2017-05-08 03:27:53'),
	('564902bf871494189472', '564902bf87', 'moodle1', 0, 116.512, 1.47611, '2017-05-07 16:55:44', 44.5979, '2017-05-08 03:37:53'),
	('564902bf871494190072', '564902bf87', 'moodle1', 0, 116.504, 1.47601, '2017-05-07 16:55:44', 45.2923, '2017-05-08 03:47:53'),
	('564902bf871494190672', '564902bf87', 'moodle1', 0, 116.512, 1.47611, '2017-05-07 16:55:44', 45.9867, '2017-05-08 03:57:53'),
	('564902bf871494191272', '564902bf87', 'moodle1', 0, 116.512, 1.47611, '2017-05-07 16:55:44', 46.6811, '2017-05-08 04:07:53'),
	('564902bf871494191872', '564902bf87', 'moodle1', 0, 116.512, 1.47611, '2017-05-07 16:55:44', 47.3758, '2017-05-08 04:17:53'),
	('564902bf871494192472', '564902bf87', 'moodle1', 0, 116.512, 1.47611, '2017-05-07 16:55:44', 48.07, '2017-05-08 04:27:53'),
	('564902bf871494193072', '564902bf87', 'moodle1', 0, 116.512, 1.47611, '2017-05-07 16:55:44', 48.7645, '2017-05-08 04:37:53'),
	('564902bf871494193672', '564902bf87', 'moodle1', 0, 116.512, 1.47611, '2017-05-07 16:55:44', 49.459, '2017-05-08 04:47:53'),
	('564902bf871494194272', '564902bf87', 'moodle1', 0, 116.512, 1.47611, '2017-05-07 16:55:44', 50.1534, '2017-05-08 04:57:53'),
	('564902bf871494194872', '564902bf87', 'moodle1', 0, 116.512, 1.47611, '2017-05-07 16:55:44', 50.8479, '2017-05-08 05:07:53'),
	('564902bf871494195472', '564902bf87', 'moodle1', 0, 116.512, 1.47611, '2017-05-07 16:55:44', 51.5423, '2017-05-08 05:17:53'),
	('564902bf871494196072', '564902bf87', 'moodle1', 0, 116.512, 1.47611, '2017-05-07 16:55:44', 52.2367, '2017-05-08 05:27:53'),
	('564902bf871494196672', '564902bf87', 'moodle1', 0, 116.512, 1.47611, '2017-05-07 16:55:44', 52.9312, '2017-05-08 05:37:53'),
	('564902bf871494197272', '564902bf87', 'moodle1', 0, 116.512, 1.47611, '2017-05-07 16:55:44', 53.6256, '2017-05-08 05:47:53'),
	('564902bf871494197872', '564902bf87', 'moodle1', 0, 116.512, 1.47611, '2017-05-07 16:55:44', 54.32, '2017-05-08 05:57:53'),
	('564902bf871494198472', '564902bf87', 'moodle1', 0, 116.516, 1.47616, '2017-05-07 16:55:44', 55.0145, '2017-05-08 06:07:53'),
	('564902bf871494198473', '564902bf87', 'moodle1', 0, 116.516, 1.47616, '2017-05-07 16:55:44', 55.0145, '2017-05-08 06:07:53'),
	('564902bf871494199072', '564902bf87', 'moodle1', 0, 116.512, 1.47611, '2017-05-07 16:55:44', 55.7089, '2017-05-08 06:17:53'),
	('564902bf871494199672', '564902bf87', 'moodle1', 0, 116.508, 1.47606, '2017-05-07 16:55:44', 56.4034, '2017-05-08 06:27:53'),
	('564902bf871494199673', '564902bf87', 'moodle1', 0, 116.508, 1.47606, '2017-05-07 16:55:44', 56.4034, '2017-05-08 06:27:53'),
	('564902bf871494200272', '564902bf87', 'moodle1', 0, 116.516, 1.47616, '2017-05-07 16:55:44', 57.0978, '2017-05-08 06:37:53'),
	('564902bf871494200872', '564902bf87', 'moodle1', 0, 116.516, 1.47616, '2017-05-07 16:55:44', 57.7924, '2017-05-08 06:47:53'),
	('564902bf871494201472', '564902bf87', 'moodle1', 0, 116.516, 1.47616, '2017-05-07 16:55:44', 58.4868, '2017-05-08 06:57:53'),
	('564902bf871494202072', '564902bf87', 'moodle1', 0, 116.516, 1.47616, '2017-05-07 16:55:44', 59.1812, '2017-05-08 07:07:53'),
	('564902bf871494202672', '564902bf87', 'moodle1', 0, 116.516, 1.47616, '2017-05-07 16:55:44', 59.8756, '2017-05-08 07:17:53'),
	('564902bf871494202673', '564902bf87', 'moodle1', 0, 116.516, 1.47616, '2017-05-07 16:55:44', 59.8756, '2017-05-08 07:17:53'),
	('564902bf871494203272', '564902bf87', 'moodle1', 0, 116.516, 1.47616, '2017-05-07 16:55:44', 60.57, '2017-05-08 07:27:53'),
	('564902bf871494203872', '564902bf87', 'moodle1', 0, 116.516, 1.47616, '2017-05-07 16:55:44', 61.2645, '2017-05-08 07:37:53'),
	('564902bf871494204472', '564902bf87', 'moodle1', 0, 116.492, 1.47586, '2017-05-07 16:55:44', 61.959, '2017-05-08 07:47:53'),
	('564902bf871494205072', '564902bf87', 'moodle1', 0, 116.492, 1.47586, '2017-05-07 16:55:44', 62.6533, '2017-05-08 07:57:53'),
	('6d91d2cb6f1494178676', '6d91d2cb6f', 'moodle10', 0, 98.5273, 1.24826, '2017-05-06 16:28:59', 133.987, '2017-05-08 00:37:56'),
	('6d91d2cb6f1494179272', '6d91d2cb6f', 'moodle10', 0, 98.5273, 1.24826, '2017-05-06 16:28:59', 134.675, '2017-05-08 00:47:53'),
	('6d91d2cb6f1494179872', '6d91d2cb6f', 'moodle10', 0, 98.5273, 1.24826, '2017-05-06 16:28:59', 135.37, '2017-05-08 00:57:53'),
	('6d91d2cb6f1494179873', '6d91d2cb6f', 'moodle10', 0, 98.5273, 1.24826, '2017-05-06 16:28:59', 135.37, '2017-05-08 00:57:53'),
	('6d91d2cb6f1494180472', '6d91d2cb6f', 'moodle10', 0, 98.5273, 1.24826, '2017-05-06 16:28:59', 136.064, '2017-05-08 01:07:53'),
	('6d91d2cb6f1494181072', '6d91d2cb6f', 'moodle10', 0, 98.5273, 1.24826, '2017-05-06 16:28:59', 136.759, '2017-05-08 01:17:53'),
	('6d91d2cb6f1494181672', '6d91d2cb6f', 'moodle10', 0, 98.5273, 1.24826, '2017-05-06 16:28:59', 137.453, '2017-05-08 01:27:53'),
	('6d91d2cb6f1494182272', '6d91d2cb6f', 'moodle10', 0, 98.5234, 1.24821, '2017-05-06 16:28:59', 138.146, '2017-05-08 01:37:52'),
	('6d91d2cb6f1494182872', '6d91d2cb6f', 'moodle10', 0, 98.5273, 1.24826, '2017-05-06 16:28:59', 138.842, '2017-05-08 01:47:53'),
	('6d91d2cb6f1494183472', '6d91d2cb6f', 'moodle10', 0, 98.5273, 1.24826, '2017-05-06 16:28:59', 139.538, '2017-05-08 01:57:53'),
	('6d91d2cb6f1494184072', '6d91d2cb6f', 'moodle10', 0, 98.5273, 1.24826, '2017-05-06 16:28:59', 140.231, '2017-05-08 02:07:53'),
	('6d91d2cb6f1494184672', '6d91d2cb6f', 'moodle10', 0, 98.5234, 1.24821, '2017-05-06 16:28:59', 140.925, '2017-05-08 02:17:53'),
	('6d91d2cb6f1494185272', '6d91d2cb6f', 'moodle10', 0, 98.5273, 1.24826, '2017-05-06 16:28:59', 141.621, '2017-05-08 02:27:53'),
	('6d91d2cb6f1494185872', '6d91d2cb6f', 'moodle10', 0, 98.5273, 1.24826, '2017-05-06 16:28:59', 142.314, '2017-05-08 02:37:53'),
	('6d91d2cb6f1494186472', '6d91d2cb6f', 'moodle10', 0, 98.5234, 1.24821, '2017-05-06 16:28:59', 143.01, '2017-05-08 02:47:52'),
	('6d91d2cb6f1494187072', '6d91d2cb6f', 'moodle10', 0, 98.5273, 1.24826, '2017-05-06 16:28:59', 143.703, '2017-05-08 02:57:53'),
	('6d91d2cb6f1494187672', '6d91d2cb6f', 'moodle10', 0, 98.5273, 1.24826, '2017-05-06 16:28:59', 144.398, '2017-05-08 03:07:53'),
	('6d91d2cb6f1494188272', '6d91d2cb6f', 'moodle10', 0, 98.5273, 1.24826, '2017-05-06 16:28:59', 145.092, '2017-05-08 03:17:53'),
	('6d91d2cb6f1494188872', '6d91d2cb6f', 'moodle10', 0, 98.5273, 1.24826, '2017-05-06 16:28:59', 145.788, '2017-05-08 03:27:53'),
	('6d91d2cb6f1494189472', '6d91d2cb6f', 'moodle10', 0, 98.5273, 1.24826, '2017-05-06 16:28:59', 146.481, '2017-05-08 03:37:52'),
	('6d91d2cb6f1494190072', '6d91d2cb6f', 'moodle10', 0, 98.5273, 1.24826, '2017-05-06 16:28:59', 147.175, '2017-05-08 03:47:53'),
	('6d91d2cb6f1494190672', '6d91d2cb6f', 'moodle10', 0, 98.5273, 1.24826, '2017-05-06 16:28:59', 147.87, '2017-05-08 03:57:53'),
	('6d91d2cb6f1494191272', '6d91d2cb6f', 'moodle10', 0, 98.5273, 1.24826, '2017-05-06 16:28:59', 148.563, '2017-05-08 04:07:53'),
	('6d91d2cb6f1494191872', '6d91d2cb6f', 'moodle10', 0, 98.5234, 1.24821, '2017-05-06 16:28:59', 149.259, '2017-05-08 04:17:53'),
	('6d91d2cb6f1494192472', '6d91d2cb6f', 'moodle10', 0, 98.5273, 1.24826, '2017-05-06 16:28:59', 149.953, '2017-05-08 04:27:53'),
	('6d91d2cb6f1494193072', '6d91d2cb6f', 'moodle10', 0, 98.5234, 1.24821, '2017-05-06 16:28:59', 150.646, '2017-05-08 04:37:53'),
	('6d91d2cb6f1494193672', '6d91d2cb6f', 'moodle10', 0, 98.5273, 1.24826, '2017-05-06 16:28:59', 151.342, '2017-05-08 04:47:53'),
	('6d91d2cb6f1494194272', '6d91d2cb6f', 'moodle10', 0, 98.5273, 1.24826, '2017-05-06 16:28:59', 152.036, '2017-05-08 04:57:53'),
	('6d91d2cb6f1494194872', '6d91d2cb6f', 'moodle10', 0, 98.5234, 1.24821, '2017-05-06 16:28:59', 152.732, '2017-05-08 05:07:53'),
	('6d91d2cb6f1494195472', '6d91d2cb6f', 'moodle10', 0, 98.5273, 1.24826, '2017-05-06 16:28:59', 153.425, '2017-05-08 05:17:53'),
	('6d91d2cb6f1494196072', '6d91d2cb6f', 'moodle10', 0, 98.5273, 1.24826, '2017-05-06 16:28:59', 154.12, '2017-05-08 05:27:53'),
	('6d91d2cb6f1494196672', '6d91d2cb6f', 'moodle10', 0, 98.5273, 1.24826, '2017-05-06 16:28:59', 154.813, '2017-05-08 05:37:53'),
	('6d91d2cb6f1494197272', '6d91d2cb6f', 'moodle10', 0, 98.5273, 1.24826, '2017-05-06 16:28:59', 155.509, '2017-05-08 05:47:53'),
	('6d91d2cb6f1494197872', '6d91d2cb6f', 'moodle10', 0, 98.5273, 1.24826, '2017-05-06 16:28:59', 156.202, '2017-05-08 05:57:52'),
	('6d91d2cb6f1494198472', '6d91d2cb6f', 'moodle10', 0, 98.5352, 1.24836, '2017-05-06 16:28:59', 156.898, '2017-05-08 06:07:53'),
	('6d91d2cb6f1494198473', '6d91d2cb6f', 'moodle10', 0, 98.5352, 1.24836, '2017-05-06 16:28:59', 156.899, '2017-05-08 06:07:53'),
	('6d91d2cb6f1494199072', '6d91d2cb6f', 'moodle10', 0, 98.5352, 1.24836, '2017-05-06 16:28:59', 157.59, '2017-05-08 06:17:53'),
	('6d91d2cb6f1494199672', '6d91d2cb6f', 'moodle10', 0, 98.5352, 1.24836, '2017-05-06 16:28:59', 158.285, '2017-05-08 06:27:53'),
	('6d91d2cb6f1494199673', '6d91d2cb6f', 'moodle10', 0, 98.5352, 1.24836, '2017-05-06 16:28:59', 158.285, '2017-05-08 06:27:53'),
	('6d91d2cb6f1494200272', '6d91d2cb6f', 'moodle10', 0, 98.5352, 1.24836, '2017-05-06 16:28:59', 158.982, '2017-05-08 06:37:53'),
	('6d91d2cb6f1494200872', '6d91d2cb6f', 'moodle10', 0, 98.5352, 1.24836, '2017-05-06 16:28:59', 159.676, '2017-05-08 06:47:53'),
	('6d91d2cb6f1494201472', '6d91d2cb6f', 'moodle10', 0, 98.5312, 1.24831, '2017-05-06 16:28:59', 160.37, '2017-05-08 06:57:53'),
	('6d91d2cb6f1494202072', '6d91d2cb6f', 'moodle10', 0, 98.5312, 1.24831, '2017-05-06 16:28:59', 161.063, '2017-05-08 07:07:52'),
	('6d91d2cb6f1494202672', '6d91d2cb6f', 'moodle10', 0, 98.5352, 1.24836, '2017-05-06 16:28:59', 161.759, '2017-05-08 07:17:53'),
	('6d91d2cb6f1494202673', '6d91d2cb6f', 'moodle10', 0, 98.5352, 1.24836, '2017-05-06 16:28:59', 161.759, '2017-05-08 07:17:53'),
	('6d91d2cb6f1494203272', '6d91d2cb6f', 'moodle10', 0, 98.5352, 1.24836, '2017-05-06 16:28:59', 162.453, '2017-05-08 07:27:53'),
	('6d91d2cb6f1494203872', '6d91d2cb6f', 'moodle10', 0, 97.7266, 1.23812, '2017-05-06 16:28:59', 163.149, '2017-05-08 07:37:53'),
	('6d91d2cb6f1494204472', '6d91d2cb6f', 'moodle10', 0, 97.4883, 1.2351, '2017-05-06 16:28:59', 163.842, '2017-05-08 07:47:53'),
	('6d91d2cb6f1494205072', '6d91d2cb6f', 'moodle10', 0, 97.1641, 1.23099, '2017-05-06 16:28:59', 164.535, '2017-05-08 07:57:53'),
	('789fbff82c1494178676', '789fbff82c', 'moodle9', 0, 120.227, 1.52318, '2017-05-07 23:38:07', 4.2043, '2017-05-08 00:37:56'),
	('789fbff82c1494179272', '789fbff82c', 'moodle9', 0, 120.227, 1.52318, '2017-05-07 23:38:07', 4.89289, '2017-05-08 00:47:53'),
	('789fbff82c1494179872', '789fbff82c', 'moodle9', 0, 120.227, 1.52318, '2017-05-07 23:38:07', 5.58735, '2017-05-08 00:57:53'),
	('789fbff82c1494179873', '789fbff82c', 'moodle9', 0, 120.227, 1.52318, '2017-05-07 23:38:07', 5.58735, '2017-05-08 00:57:53'),
	('789fbff82c1494180472', '789fbff82c', 'moodle9', 0, 120.227, 1.52318, '2017-05-07 23:38:07', 6.28184, '2017-05-08 01:07:53'),
	('789fbff82c1494181072', '789fbff82c', 'moodle9', 0, 120.227, 1.52318, '2017-05-07 23:38:07', 6.97633, '2017-05-08 01:17:53'),
	('789fbff82c1494181672', '789fbff82c', 'moodle9', 0, 120.227, 1.52318, '2017-05-07 23:38:07', 7.67075, '2017-05-08 01:27:53'),
	('789fbff82c1494182272', '789fbff82c', 'moodle9', 0, 120.219, 1.52308, '2017-05-07 23:38:07', 8.36408, '2017-05-08 01:37:53'),
	('789fbff82c1494182872', '789fbff82c', 'moodle9', 0, 120.223, 1.52313, '2017-05-07 23:38:07', 9.05962, '2017-05-08 01:47:53'),
	('789fbff82c1494183472', '789fbff82c', 'moodle9', 0, 125.855, 1.59449, '2017-05-07 23:38:07', 9.75524, '2017-05-08 01:57:53'),
	('789fbff82c1494184072', '789fbff82c', 'moodle9', 0, 125.855, 1.59449, '2017-05-07 23:38:07', 10.4485, '2017-05-08 02:07:53'),
	('789fbff82c1494184672', '789fbff82c', 'moodle9', 0, 125.855, 1.59449, '2017-05-07 23:38:07', 11.143, '2017-05-08 02:17:53'),
	('789fbff82c1494185272', '789fbff82c', 'moodle9', 0, 125.848, 1.59439, '2017-05-07 23:38:07', 11.8387, '2017-05-08 02:27:53'),
	('789fbff82c1494185872', '789fbff82c', 'moodle9', 0, 125.855, 1.59449, '2017-05-07 23:38:07', 12.5318, '2017-05-08 02:37:53'),
	('789fbff82c1494186472', '789fbff82c', 'moodle9', 0, 125.855, 1.59449, '2017-05-07 23:38:07', 13.2275, '2017-05-08 02:47:53'),
	('789fbff82c1494187072', '789fbff82c', 'moodle9', 0, 125.855, 1.59449, '2017-05-07 23:38:07', 13.9207, '2017-05-08 02:57:53'),
	('789fbff82c1494187672', '789fbff82c', 'moodle9', 0, 125.855, 1.59449, '2017-05-07 23:38:07', 14.6152, '2017-05-08 03:07:53'),
	('789fbff82c1494188272', '789fbff82c', 'moodle9', 0, 125.855, 1.59449, '2017-05-07 23:38:07', 15.3097, '2017-05-08 03:17:53'),
	('789fbff82c1494188872', '789fbff82c', 'moodle9', 0, 125.855, 1.59449, '2017-05-07 23:38:07', 16.0052, '2017-05-08 03:27:53'),
	('789fbff82c1494189472', '789fbff82c', 'moodle9', 0, 125.855, 1.59449, '2017-05-07 23:38:07', 16.6984, '2017-05-08 03:37:53'),
	('789fbff82c1494190072', '789fbff82c', 'moodle9', 0, 125.855, 1.59449, '2017-05-07 23:38:07', 17.393, '2017-05-08 03:47:53'),
	('789fbff82c1494190672', '789fbff82c', 'moodle9', 0, 125.855, 1.59449, '2017-05-07 23:38:07', 18.0874, '2017-05-08 03:57:53'),
	('789fbff82c1494191272', '789fbff82c', 'moodle9', 0, 125.855, 1.59449, '2017-05-07 23:38:07', 18.7806, '2017-05-08 04:07:53'),
	('789fbff82c1494191872', '789fbff82c', 'moodle9', 0, 125.984, 1.59612, '2017-05-07 23:38:07', 19.4763, '2017-05-08 04:17:53'),
	('789fbff82c1494192472', '789fbff82c', 'moodle9', 0, 125.984, 1.59612, '2017-05-07 23:38:07', 20.1708, '2017-05-08 04:27:53'),
	('789fbff82c1494193072', '789fbff82c', 'moodle9', 0, 125.98, 1.59607, '2017-05-07 23:38:07', 20.8641, '2017-05-08 04:37:53'),
	('789fbff82c1494193672', '789fbff82c', 'moodle9', 0, 125.977, 1.59602, '2017-05-07 23:38:07', 21.5596, '2017-05-08 04:47:53'),
	('789fbff82c1494194272', '789fbff82c', 'moodle9', 0, 125.984, 1.59612, '2017-05-07 23:38:07', 22.254, '2017-05-08 04:57:53'),
	('789fbff82c1494194872', '789fbff82c', 'moodle9', 0, 125.984, 1.59612, '2017-05-07 23:38:07', 22.9497, '2017-05-08 05:07:53'),
	('789fbff82c1494195472', '789fbff82c', 'moodle9', 0, 125.984, 1.59612, '2017-05-07 23:38:07', 23.643, '2017-05-08 05:17:53'),
	('789fbff82c1494196072', '789fbff82c', 'moodle9', 0, 125.984, 1.59612, '2017-05-07 23:38:07', 24.3374, '2017-05-08 05:27:53'),
	('789fbff82c1494196672', '789fbff82c', 'moodle9', 0, 125.984, 1.59612, '2017-05-07 23:38:07', 25.0307, '2017-05-08 05:37:53'),
	('789fbff82c1494197272', '789fbff82c', 'moodle9', 0, 125.984, 1.59612, '2017-05-07 23:38:07', 25.7262, '2017-05-08 05:47:53'),
	('789fbff82c1494197872', '789fbff82c', 'moodle9', 0, 125.984, 1.59612, '2017-05-07 23:38:07', 26.4196, '2017-05-08 05:57:52'),
	('789fbff82c1494198472', '789fbff82c', 'moodle9', 0, 125.992, 1.59622, '2017-05-07 23:38:07', 27.1152, '2017-05-08 06:07:53'),
	('789fbff82c1494198473', '789fbff82c', 'moodle9', 0, 125.992, 1.59622, '2017-05-07 23:38:07', 27.1163, '2017-05-08 06:07:53'),
	('789fbff82c1494199072', '789fbff82c', 'moodle9', 0, 125.992, 1.59622, '2017-05-07 23:38:07', 27.8073, '2017-05-08 06:17:53'),
	('789fbff82c1494199672', '789fbff82c', 'moodle9', 0, 125.992, 1.59622, '2017-05-07 23:38:07', 28.503, '2017-05-08 06:27:53'),
	('789fbff82c1494199673', '789fbff82c', 'moodle9', 0, 125.992, 1.59622, '2017-05-07 23:38:07', 28.503, '2017-05-08 06:27:53'),
	('789fbff82c1494200272', '789fbff82c', 'moodle9', 0, 125.992, 1.59622, '2017-05-07 23:38:07', 29.1996, '2017-05-08 06:37:53'),
	('789fbff82c1494200872', '789fbff82c', 'moodle9', 0, 125.988, 1.59617, '2017-05-07 23:38:07', 29.894, '2017-05-08 06:47:53'),
	('789fbff82c1494201472', '789fbff82c', 'moodle9', 0, 125.992, 1.59622, '2017-05-07 23:38:07', 30.5873, '2017-05-08 06:57:53'),
	('789fbff82c1494202072', '789fbff82c', 'moodle9', 0, 125.992, 1.59622, '2017-05-07 23:38:07', 31.2808, '2017-05-08 07:07:52'),
	('789fbff82c1494202672', '789fbff82c', 'moodle9', 0, 125.992, 1.59622, '2017-05-07 23:38:07', 31.9763, '2017-05-08 07:17:53'),
	('789fbff82c1494202673', '789fbff82c', 'moodle9', 0, 125.992, 1.59622, '2017-05-07 23:38:07', 31.9763, '2017-05-08 07:17:53'),
	('789fbff82c1494203272', '789fbff82c', 'moodle9', 0, 125.988, 1.59617, '2017-05-07 23:38:07', 32.6707, '2017-05-08 07:27:53'),
	('789fbff82c1494203872', '789fbff82c', 'moodle9', 0, 125, 1.58365, '2017-05-07 23:38:07', 33.3663, '2017-05-08 07:37:53'),
	('789fbff82c1494204472', '789fbff82c', 'moodle9', 0, 124.809, 1.58123, '2017-05-07 23:38:07', 34.0597, '2017-05-08 07:47:53'),
	('789fbff82c1494205072', '789fbff82c', 'moodle9', 0, 124.672, 1.57949, '2017-05-07 23:38:07', 34.7529, '2017-05-08 07:57:53'),
	('9140083cc31494178676', '9140083cc3', 'moodle4', 0, 80.582, 1.02091, '2017-05-07 16:55:56', 32.1245, '2017-05-08 00:37:56'),
	('9140083cc31494179272', '9140083cc3', 'moodle4', 0, 80.582, 1.02091, '2017-05-07 16:55:56', 32.8131, '2017-05-08 00:47:53'),
	('9140083cc31494179872', '9140083cc3', 'moodle4', 0, 80.582, 1.02091, '2017-05-07 16:55:56', 33.5075, '2017-05-08 00:57:53'),
	('9140083cc31494179873', '9140083cc3', 'moodle4', 0, 80.582, 1.02091, '2017-05-07 16:55:56', 33.5075, '2017-05-08 00:57:53'),
	('9140083cc31494180472', '9140083cc3', 'moodle4', 0, 80.582, 1.02091, '2017-05-07 16:55:56', 34.202, '2017-05-08 01:07:53'),
	('9140083cc31494181072', '9140083cc3', 'moodle4', 0, 80.582, 1.02091, '2017-05-07 16:55:56', 34.8964, '2017-05-08 01:17:53'),
	('9140083cc31494181672', '9140083cc3', 'moodle4', 0, 80.582, 1.02091, '2017-05-07 16:55:56', 35.5909, '2017-05-08 01:27:53'),
	('9140083cc31494182272', '9140083cc3', 'moodle4', 0, 80.5859, 1.02096, '2017-05-07 16:55:56', 36.2842, '2017-05-08 01:37:52'),
	('9140083cc31494182872', '9140083cc3', 'moodle4', 0, 80.5859, 1.02096, '2017-05-07 16:55:56', 36.9798, '2017-05-08 01:47:53'),
	('9140083cc31494183472', '9140083cc3', 'moodle4', 0, 84.3281, 1.06837, '2017-05-07 16:55:56', 37.6754, '2017-05-08 01:57:53'),
	('9140083cc31494184072', '9140083cc3', 'moodle4', 0, 84.3281, 1.06837, '2017-05-07 16:55:56', 38.3687, '2017-05-08 02:07:53'),
	('9140083cc31494184672', '9140083cc3', 'moodle4', 0, 84.3281, 1.06837, '2017-05-07 16:55:56', 39.0631, '2017-05-08 02:17:53'),
	('9140083cc31494185272', '9140083cc3', 'moodle4', 0, 84.3242, 1.06832, '2017-05-07 16:55:56', 39.7587, '2017-05-08 02:27:53'),
	('9140083cc31494185872', '9140083cc3', 'moodle4', 0, 84.3242, 1.06832, '2017-05-07 16:55:56', 40.4521, '2017-05-08 02:37:53'),
	('9140083cc31494186472', '9140083cc3', 'moodle4', 0, 84.3281, 1.06837, '2017-05-07 16:55:56', 41.1477, '2017-05-08 02:47:52'),
	('9140083cc31494187072', '9140083cc3', 'moodle4', 0, 84.3242, 1.06832, '2017-05-07 16:55:56', 41.8409, '2017-05-08 02:57:53'),
	('9140083cc31494187672', '9140083cc3', 'moodle4', 0, 84.332, 1.06842, '2017-05-07 16:55:56', 42.5354, '2017-05-08 03:07:53'),
	('9140083cc31494188272', '9140083cc3', 'moodle4', 0, 84.332, 1.06842, '2017-05-07 16:55:56', 43.2297, '2017-05-08 03:17:52'),
	('9140083cc31494188872', '9140083cc3', 'moodle4', 0, 84.332, 1.06842, '2017-05-07 16:55:56', 43.9254, '2017-05-08 03:27:53'),
	('9140083cc31494189472', '9140083cc3', 'moodle4', 0, 84.332, 1.06842, '2017-05-07 16:55:56', 44.6187, '2017-05-08 03:37:52'),
	('9140083cc31494190072', '9140083cc3', 'moodle4', 0, 84.332, 1.06842, '2017-05-07 16:55:56', 45.3131, '2017-05-08 03:47:53'),
	('9140083cc31494190672', '9140083cc3', 'moodle4', 0, 84.332, 1.06842, '2017-05-07 16:55:56', 46.0075, '2017-05-08 03:57:53'),
	('9140083cc31494191272', '9140083cc3', 'moodle4', 0, 84.332, 1.06842, '2017-05-07 16:55:56', 46.7009, '2017-05-08 04:07:53'),
	('9140083cc31494191872', '9140083cc3', 'moodle4', 0, 84.332, 1.06842, '2017-05-07 16:55:56', 47.3964, '2017-05-08 04:17:53'),
	('9140083cc31494192472', '9140083cc3', 'moodle4', 0, 84.332, 1.06842, '2017-05-07 16:55:56', 48.091, '2017-05-08 04:27:53'),
	('9140083cc31494193072', '9140083cc3', 'moodle4', 0, 84.332, 1.06842, '2017-05-07 16:55:56', 48.7842, '2017-05-08 04:37:53'),
	('9140083cc31494193672', '9140083cc3', 'moodle4', 0, 84.332, 1.06842, '2017-05-07 16:55:56', 49.4798, '2017-05-08 04:47:53'),
	('9140083cc31494194272', '9140083cc3', 'moodle4', 0, 84.332, 1.06842, '2017-05-07 16:55:56', 50.1743, '2017-05-08 04:57:52'),
	('9140083cc31494194872', '9140083cc3', 'moodle4', 0, 84.332, 1.06842, '2017-05-07 16:55:56', 50.8698, '2017-05-08 05:07:53'),
	('9140083cc31494195472', '9140083cc3', 'moodle4', 0, 84.3242, 1.06832, '2017-05-07 16:55:56', 51.563, '2017-05-08 05:17:53'),
	('9140083cc31494196072', '9140083cc3', 'moodle4', 0, 84.3242, 1.06832, '2017-05-07 16:55:56', 52.2575, '2017-05-08 05:27:53'),
	('9140083cc31494196672', '9140083cc3', 'moodle4', 0, 84.332, 1.06842, '2017-05-07 16:55:56', 52.9509, '2017-05-08 05:37:53'),
	('9140083cc31494197272', '9140083cc3', 'moodle4', 0, 84.332, 1.06842, '2017-05-07 16:55:56', 53.6464, '2017-05-08 05:47:53'),
	('9140083cc31494197872', '9140083cc3', 'moodle4', 0, 84.332, 1.06842, '2017-05-07 16:55:56', 54.3397, '2017-05-08 05:57:52'),
	('9140083cc31494198472', '9140083cc3', 'moodle4', 0, 84.3711, 1.06892, '2017-05-07 16:55:56', 55.0353, '2017-05-08 06:07:53'),
	('9140083cc31494198473', '9140083cc3', 'moodle4', 0, 84.3711, 1.06892, '2017-05-07 16:55:56', 55.0365, '2017-05-08 06:07:53'),
	('9140083cc31494199072', '9140083cc3', 'moodle4', 0, 84.3711, 1.06892, '2017-05-07 16:55:56', 55.7274, '2017-05-08 06:17:53'),
	('9140083cc31494199672', '9140083cc3', 'moodle4', 0, 84.3711, 1.06892, '2017-05-07 16:55:56', 56.4231, '2017-05-08 06:27:53'),
	('9140083cc31494199673', '9140083cc3', 'moodle4', 0, 84.3711, 1.06892, '2017-05-07 16:55:56', 56.4231, '2017-05-08 06:27:53'),
	('9140083cc31494200272', '9140083cc3', 'moodle4', 0, 84.3711, 1.06892, '2017-05-07 16:55:56', 57.1198, '2017-05-08 06:37:53'),
	('9140083cc31494200872', '9140083cc3', 'moodle4', 0, 84.3711, 1.06892, '2017-05-07 16:55:56', 57.8142, '2017-05-08 06:47:53'),
	('9140083cc31494201472', '9140083cc3', 'moodle4', 0, 84.3711, 1.06892, '2017-05-07 16:55:56', 58.5075, '2017-05-08 06:57:53'),
	('9140083cc31494202072', '9140083cc3', 'moodle4', 0, 84.3711, 1.06892, '2017-05-07 16:55:56', 59.2008, '2017-05-08 07:07:52'),
	('9140083cc31494202672', '9140083cc3', 'moodle4', 0, 84.3711, 1.06892, '2017-05-07 16:55:56', 59.8964, '2017-05-08 07:17:53'),
	('9140083cc31494202673', '9140083cc3', 'moodle4', 0, 84.3711, 1.06892, '2017-05-07 16:55:56', 59.8964, '2017-05-08 07:17:53'),
	('9140083cc31494203272', '9140083cc3', 'moodle4', 0, 84.3711, 1.06892, '2017-05-07 16:55:56', 60.5909, '2017-05-08 07:27:53'),
	('9140083cc31494203872', '9140083cc3', 'moodle4', 0, 84.2617, 1.06753, '2017-05-07 16:55:56', 61.2865, '2017-05-08 07:37:53'),
	('9140083cc31494204472', '9140083cc3', 'moodle4', 0, 84.5469, 1.07114, '2017-05-07 16:55:56', 61.9798, '2017-05-08 07:47:53'),
	('9140083cc31494205072', '9140083cc3', 'moodle4', 0, 84.668, 1.07268, '2017-05-07 16:55:56', 62.673, '2017-05-08 07:57:53'),
	('ac104de2de1494178676', 'ac104de2de', 'moodle8', 34, 119.039, 1.50813, '2017-05-06 16:28:33', 133.995, '2017-05-08 00:37:56'),
	('ac104de2de1494179272', 'ac104de2de', 'moodle8', 0, 90.7461, 1.14968, '2017-05-06 16:28:33', 134.685, '2017-05-08 00:47:53'),
	('ac104de2de1494179872', 'ac104de2de', 'moodle8', 0, 90.7461, 1.14968, '2017-05-06 16:28:33', 135.379, '2017-05-08 00:57:53'),
	('ac104de2de1494179873', 'ac104de2de', 'moodle8', 0, 90.7461, 1.14968, '2017-05-06 16:28:33', 135.379, '2017-05-08 00:57:53'),
	('ac104de2de1494180472', 'ac104de2de', 'moodle8', 0, 90.7461, 1.14968, '2017-05-06 16:28:33', 136.074, '2017-05-08 01:07:53'),
	('ac104de2de1494181072', 'ac104de2de', 'moodle8', 0, 90.7461, 1.14968, '2017-05-06 16:28:33', 136.768, '2017-05-08 01:17:53'),
	('ac104de2de1494181672', 'ac104de2de', 'moodle8', 0, 90.7461, 1.14968, '2017-05-06 16:28:33', 137.462, '2017-05-08 01:27:53'),
	('ac104de2de1494182272', 'ac104de2de', 'moodle8', 0, 90.7461, 1.14968, '2017-05-06 16:28:33', 138.157, '2017-05-08 01:37:53'),
	('ac104de2de1494182872', 'ac104de2de', 'moodle8', 0, 90.7461, 1.14968, '2017-05-06 16:28:33', 138.851, '2017-05-08 01:47:53'),
	('ac104de2de1494183472', 'ac104de2de', 'moodle8', 0, 96.3594, 1.2208, '2017-05-06 16:28:33', 139.546, '2017-05-08 01:57:53'),
	('ac104de2de1494184072', 'ac104de2de', 'moodle8', 0, 96.3594, 1.2208, '2017-05-06 16:28:33', 140.24, '2017-05-08 02:07:53'),
	('ac104de2de1494184672', 'ac104de2de', 'moodle8', 0, 96.3594, 1.2208, '2017-05-06 16:28:33', 140.935, '2017-05-08 02:17:53'),
	('ac104de2de1494185272', 'ac104de2de', 'moodle8', 0, 96.3516, 1.2207, '2017-05-06 16:28:33', 141.629, '2017-05-08 02:27:53'),
	('ac104de2de1494185872', 'ac104de2de', 'moodle8', 0, 96.3594, 1.2208, '2017-05-06 16:28:33', 142.323, '2017-05-08 02:37:53'),
	('ac104de2de1494186472', 'ac104de2de', 'moodle8', 0, 96.3594, 1.2208, '2017-05-06 16:28:33', 143.018, '2017-05-08 02:47:53'),
	('ac104de2de1494187072', 'ac104de2de', 'moodle8', 0, 96.3594, 1.2208, '2017-05-06 16:28:33', 143.712, '2017-05-08 02:57:53'),
	('ac104de2de1494187672', 'ac104de2de', 'moodle8', 0, 96.3594, 1.2208, '2017-05-06 16:28:33', 144.407, '2017-05-08 03:07:53'),
	('ac104de2de1494188272', 'ac104de2de', 'moodle8', 0, 96.3594, 1.2208, '2017-05-06 16:28:33', 145.101, '2017-05-08 03:17:53'),
	('ac104de2de1494188872', 'ac104de2de', 'moodle8', 0, 96.3594, 1.2208, '2017-05-06 16:28:33', 145.796, '2017-05-08 03:27:53'),
	('ac104de2de1494189472', 'ac104de2de', 'moodle8', 0, 96.3594, 1.2208, '2017-05-06 16:28:33', 146.49, '2017-05-08 03:37:53'),
	('ac104de2de1494190072', 'ac104de2de', 'moodle8', 0, 96.3594, 1.2208, '2017-05-06 16:28:33', 147.185, '2017-05-08 03:47:53'),
	('ac104de2de1494190672', 'ac104de2de', 'moodle8', 0, 96.3594, 1.2208, '2017-05-06 16:28:33', 147.879, '2017-05-08 03:57:53'),
	('ac104de2de1494191272', 'ac104de2de', 'moodle8', 0, 96.3594, 1.2208, '2017-05-06 16:28:33', 148.574, '2017-05-08 04:07:53'),
	('ac104de2de1494191872', 'ac104de2de', 'moodle8', 0, 96.3594, 1.2208, '2017-05-06 16:28:33', 149.268, '2017-05-08 04:17:53'),
	('ac104de2de1494192472', 'ac104de2de', 'moodle8', 0, 96.3594, 1.2208, '2017-05-06 16:28:33', 149.962, '2017-05-08 04:27:53'),
	('ac104de2de1494193072', 'ac104de2de', 'moodle8', 0, 96.3594, 1.2208, '2017-05-06 16:28:33', 150.657, '2017-05-08 04:37:53'),
	('ac104de2de1494193672', 'ac104de2de', 'moodle8', 0, 96.3594, 1.2208, '2017-05-06 16:28:33', 151.351, '2017-05-08 04:47:53'),
	('ac104de2de1494194272', 'ac104de2de', 'moodle8', 0, 96.3516, 1.2207, '2017-05-06 16:28:33', 152.046, '2017-05-08 04:57:53'),
	('ac104de2de1494194872', 'ac104de2de', 'moodle8', 0, 96.3516, 1.2207, '2017-05-06 16:28:33', 152.74, '2017-05-08 05:07:53'),
	('ac104de2de1494195472', 'ac104de2de', 'moodle8', 0, 96.3594, 1.2208, '2017-05-06 16:28:33', 153.435, '2017-05-08 05:17:53'),
	('ac104de2de1494196072', 'ac104de2de', 'moodle8', 0, 96.3594, 1.2208, '2017-05-06 16:28:33', 154.129, '2017-05-08 05:27:53'),
	('ac104de2de1494196672', 'ac104de2de', 'moodle8', 0, 96.3594, 1.2208, '2017-05-06 16:28:33', 154.824, '2017-05-08 05:37:53'),
	('ac104de2de1494197272', 'ac104de2de', 'moodle8', 0, 96.3594, 1.2208, '2017-05-06 16:28:33', 155.518, '2017-05-08 05:47:53'),
	('ac104de2de1494197872', 'ac104de2de', 'moodle8', 0, 96.3594, 1.2208, '2017-05-06 16:28:33', 156.212, '2017-05-08 05:57:53'),
	('ac104de2de1494198472', 'ac104de2de', 'moodle8', 0, 96.3672, 1.2209, '2017-05-06 16:28:33', 156.907, '2017-05-08 06:07:53'),
	('ac104de2de1494198473', 'ac104de2de', 'moodle8', 0, 96.3672, 1.2209, '2017-05-06 16:28:33', 156.907, '2017-05-08 06:07:53'),
	('ac104de2de1494199072', 'ac104de2de', 'moodle8', 0, 96.3672, 1.2209, '2017-05-06 16:28:33', 157.601, '2017-05-08 06:17:53'),
	('ac104de2de1494199672', 'ac104de2de', 'moodle8', 0, 96.3672, 1.2209, '2017-05-06 16:28:33', 158.296, '2017-05-08 06:27:53'),
	('ac104de2de1494199673', 'ac104de2de', 'moodle8', 0, 96.3672, 1.2209, '2017-05-06 16:28:33', 158.296, '2017-05-08 06:27:53'),
	('ac104de2de1494200272', 'ac104de2de', 'moodle8', 0, 96.3672, 1.2209, '2017-05-06 16:28:33', 158.99, '2017-05-08 06:37:53'),
	('ac104de2de1494200872', 'ac104de2de', 'moodle8', 0, 96.3672, 1.2209, '2017-05-06 16:28:33', 159.685, '2017-05-08 06:47:53'),
	('ac104de2de1494201472', 'ac104de2de', 'moodle8', 0, 96.3672, 1.2209, '2017-05-06 16:28:33', 160.379, '2017-05-08 06:57:53'),
	('ac104de2de1494202072', 'ac104de2de', 'moodle8', 0, 96.3672, 1.2209, '2017-05-06 16:28:33', 161.074, '2017-05-08 07:07:53'),
	('ac104de2de1494202672', 'ac104de2de', 'moodle8', 0, 96.3672, 1.2209, '2017-05-06 16:28:33', 161.768, '2017-05-08 07:17:53'),
	('ac104de2de1494202673', 'ac104de2de', 'moodle8', 0, 96.3672, 1.2209, '2017-05-06 16:28:33', 161.768, '2017-05-08 07:17:53'),
	('ac104de2de1494203272', 'ac104de2de', 'moodle8', 0, 96.3672, 1.2209, '2017-05-06 16:28:33', 162.462, '2017-05-08 07:27:53'),
	('ac104de2de1494203872', 'ac104de2de', 'moodle8', 0, 96.2578, 1.21951, '2017-05-06 16:28:33', 163.157, '2017-05-08 07:37:53'),
	('ac104de2de1494204472', 'ac104de2de', 'moodle8', 0, 95.3438, 1.20793, '2017-05-06 16:28:33', 163.851, '2017-05-08 07:47:53'),
	('ac104de2de1494205072', 'ac104de2de', 'moodle8', 0, 95.3516, 1.20803, '2017-05-06 16:28:33', 164.546, '2017-05-08 07:57:53'),
	('d3565313991494178676', 'd356531399', 'moodle2', 2, 129.031, 1.63472, '2017-05-07 16:56:10', 32.0828, '2017-05-08 00:37:56'),
	('d3565313991494179272', 'd356531399', 'moodle2', 42, 160.5, 2.03341, '2017-05-07 16:56:10', 32.7715, '2017-05-08 00:47:53'),
	('d3565313991494179872', 'd356531399', 'moodle2', 7, 158.406, 2.00688, '2017-05-07 16:56:10', 33.466, '2017-05-08 00:57:53'),
	('d3565313991494179873', 'd356531399', 'moodle2', 7, 158.406, 2.00688, '2017-05-07 16:56:10', 33.466, '2017-05-08 00:57:53'),
	('d3565313991494180472', 'd356531399', 'moodle2', 40, 158.145, 2.00357, '2017-05-07 16:56:10', 34.1603, '2017-05-08 01:07:53'),
	('d3565313991494181072', 'd356531399', 'moodle2', 36, 160.496, 2.03336, '2017-05-07 16:56:10', 34.8548, '2017-05-08 01:17:53'),
	('d3565313991494181672', 'd356531399', 'moodle2', 20, 162.68, 2.06102, '2017-05-07 16:56:10', 35.5493, '2017-05-08 01:27:53'),
	('d3565313991494182272', 'd356531399', 'moodle2', 17, 161.363, 2.04435, '2017-05-07 16:56:10', 36.2436, '2017-05-08 01:37:53'),
	('d3565313991494182872', 'd356531399', 'moodle2', 26, 162.902, 2.06384, '2017-05-07 16:56:10', 36.9382, '2017-05-08 01:47:53'),
	('d3565313991494183472', 'd356531399', 'moodle2', 14, 157.324, 1.99317, '2017-05-07 16:56:10', 37.6325, '2017-05-08 01:57:53'),
	('d3565313991494184072', 'd356531399', 'moodle2', 41, 156.258, 1.97966, '2017-05-07 16:56:10', 38.327, '2017-05-08 02:07:53'),
	('d3565313991494184672', 'd356531399', 'moodle2', 20, 157.379, 1.99387, '2017-05-07 16:56:10', 39.0214, '2017-05-08 02:17:53'),
	('d3565313991494185272', 'd356531399', 'moodle2', 29, 156.141, 1.97818, '2017-05-07 16:56:10', 39.7159, '2017-05-08 02:27:53'),
	('d3565313991494185872', 'd356531399', 'moodle2', 30, 156.266, 1.97976, '2017-05-07 16:56:10', 40.4104, '2017-05-08 02:37:53'),
	('d3565313991494186472', 'd356531399', 'moodle2', 28, 156.152, 1.97833, '2017-05-07 16:56:10', 41.1048, '2017-05-08 02:47:53'),
	('d3565313991494187072', 'd356531399', 'moodle2', 16, 158.328, 2.00589, '2017-05-07 16:56:10', 41.7992, '2017-05-08 02:57:53'),
	('d3565313991494187672', 'd356531399', 'moodle2', 38, 160.48, 2.03316, '2017-05-07 16:56:10', 42.4937, '2017-05-08 03:07:53'),
	('d3565313991494188272', 'd356531399', 'moodle2', 22, 162.754, 2.06196, '2017-05-07 16:56:10', 43.1882, '2017-05-08 03:17:53'),
	('d3565313991494188872', 'd356531399', 'moodle2', 53, 156.262, 1.97971, '2017-05-07 16:56:10', 43.8826, '2017-05-08 03:27:53'),
	('d3565313991494189472', 'd356531399', 'moodle2', 37, 156.215, 1.97912, '2017-05-07 16:56:10', 44.577, '2017-05-08 03:37:53'),
	('d3565313991494190072', 'd356531399', 'moodle2', 21, 160.484, 2.03321, '2017-05-07 16:56:10', 45.2714, '2017-05-08 03:47:53'),
	('d3565313991494190672', 'd356531399', 'moodle2', 31, 160.555, 2.0341, '2017-05-07 16:56:10', 45.966, '2017-05-08 03:57:53'),
	('d3565313991494191272', 'd356531399', 'moodle2', 37, 160.559, 2.03415, '2017-05-07 16:56:10', 46.6604, '2017-05-08 04:07:53'),
	('d3565313991494191872', 'd356531399', 'moodle2', 22, 162.766, 2.06211, '2017-05-07 16:56:10', 47.3549, '2017-05-08 04:17:53'),
	('d3565313991494192472', 'd356531399', 'moodle2', 38, 160.477, 2.03311, '2017-05-07 16:56:10', 48.0493, '2017-05-08 04:27:53'),
	('d3565313991494193072', 'd356531399', 'moodle2', 29, 156.152, 1.97833, '2017-05-07 16:56:10', 48.7436, '2017-05-08 04:37:53'),
	('d3565313991494193672', 'd356531399', 'moodle2', 19, 156.281, 1.97996, '2017-05-07 16:56:10', 49.4382, '2017-05-08 04:47:53'),
	('d3565313991494194272', 'd356531399', 'moodle2', 31, 162.766, 2.06211, '2017-05-07 16:56:10', 50.1325, '2017-05-08 04:57:53'),
	('d3565313991494194872', 'd356531399', 'moodle2', 41, 159.609, 2.02213, '2017-05-07 16:56:10', 50.8271, '2017-05-08 05:07:53'),
	('d3565313991494195472', 'd356531399', 'moodle2', 28, 156.145, 1.97823, '2017-05-07 16:56:10', 51.5214, '2017-05-08 05:17:53'),
	('d3565313991494196072', 'd356531399', 'moodle2', 8, 156.258, 1.97966, '2017-05-07 16:56:10', 52.216, '2017-05-08 05:27:53'),
	('d3565313991494196672', 'd356531399', 'moodle2', 42, 160.535, 2.03385, '2017-05-07 16:56:10', 52.9104, '2017-05-08 05:37:53'),
	('d3565313991494197272', 'd356531399', 'moodle2', 23, 154.434, 1.95655, '2017-05-07 16:56:10', 53.6048, '2017-05-08 05:47:53'),
	('d3565313991494197872', 'd356531399', 'moodle2', 37, 159.617, 2.02222, '2017-05-07 16:56:10', 54.2992, '2017-05-08 05:57:53'),
	('d3565313991494198472', 'd356531399', 'moodle2', 31, 162.789, 2.06241, '2017-05-07 16:56:10', 54.9936, '2017-05-08 06:07:53'),
	('d3565313991494198473', 'd356531399', 'moodle2', 31, 162.789, 2.06241, '2017-05-07 16:56:10', 54.9936, '2017-05-08 06:07:53'),
	('d3565313991494199072', 'd356531399', 'moodle2', 34, 161.5, 2.04608, '2017-05-07 16:56:10', 55.6882, '2017-05-08 06:17:53'),
	('d3565313991494199672', 'd356531399', 'moodle2', 34, 162.789, 2.06241, '2017-05-07 16:56:10', 56.3826, '2017-05-08 06:27:53'),
	('d3565313991494199673', 'd356531399', 'moodle2', 34, 162.789, 2.06241, '2017-05-07 16:56:10', 56.3827, '2017-05-08 06:27:53'),
	('d3565313991494200272', 'd356531399', 'moodle2', 32, 162.785, 2.06236, '2017-05-07 16:56:10', 57.0769, '2017-05-08 06:37:53'),
	('d3565313991494200872', 'd356531399', 'moodle2', 19, 156.559, 1.98347, '2017-05-07 16:56:10', 57.7714, '2017-05-08 06:47:53'),
	('d3565313991494201472', 'd356531399', 'moodle2', 45, 158.219, 2.00451, '2017-05-07 16:56:10', 58.4659, '2017-05-08 06:57:53'),
	('d3565313991494202072', 'd356531399', 'moodle2', 27, 162.785, 2.06236, '2017-05-07 16:56:10', 59.1603, '2017-05-08 07:07:53'),
	('d3565313991494202672', 'd356531399', 'moodle2', 40, 159.453, 2.02015, '2017-05-07 16:56:10', 59.8547, '2017-05-08 07:17:53'),
	('d3565313991494202673', 'd356531399', 'moodle2', 40, 159.453, 2.02015, '2017-05-07 16:56:10', 59.8547, '2017-05-08 07:17:53'),
	('d3565313991494203272', 'd356531399', 'moodle2', 34, 160.57, 2.0343, '2017-05-07 16:56:10', 60.5493, '2017-05-08 07:27:53'),
	('d3565313991494203872', 'd356531399', 'moodle2', 28, 159.641, 2.02252, '2017-05-07 16:56:10', 61.2436, '2017-05-08 07:37:53'),
	('d3565313991494204472', 'd356531399', 'moodle2', 19, 157.09, 1.99021, '2017-05-07 16:56:10', 61.9382, '2017-05-08 07:47:53'),
	('d3565313991494205072', 'd356531399', 'moodle2', 23, 162.473, 2.0584, '2017-05-07 16:56:10', 62.6325, '2017-05-08 07:57:53'),
	('e1a2b3093d1494178676', 'e1a2b3093d', 'moodle3', 0, 103.449, 1.31062, '2017-05-07 16:51:46', 32.4184, '2017-05-08 00:37:56'),
	('e1a2b3093d1494179272', 'e1a2b3093d', 'moodle3', 0, 103.449, 1.31062, '2017-05-07 16:51:46', 33.1071, '2017-05-08 00:47:52'),
	('e1a2b3093d1494179872', 'e1a2b3093d', 'moodle3', 0, 103.441, 1.31052, '2017-05-07 16:51:46', 33.8016, '2017-05-08 00:57:53'),
	('e1a2b3093d1494179873', 'e1a2b3093d', 'moodle3', 0, 103.441, 1.31052, '2017-05-07 16:51:46', 33.8016, '2017-05-08 00:57:53'),
	('e1a2b3093d1494180472', 'e1a2b3093d', 'moodle3', 0, 103.449, 1.31062, '2017-05-07 16:51:46', 34.4959, '2017-05-08 01:07:53'),
	('e1a2b3093d1494181072', 'e1a2b3093d', 'moodle3', 0, 103.445, 1.31057, '2017-05-07 16:51:46', 35.1904, '2017-05-08 01:17:53'),
	('e1a2b3093d1494181672', 'e1a2b3093d', 'moodle3', 0, 103.449, 1.31062, '2017-05-07 16:51:46', 35.8849, '2017-05-08 01:27:53'),
	('e1a2b3093d1494182272', 'e1a2b3093d', 'moodle3', 0, 103.449, 1.31062, '2017-05-07 16:51:46', 36.5781, '2017-05-08 01:37:52'),
	('e1a2b3093d1494182872', 'e1a2b3093d', 'moodle3', 0, 103.449, 1.31062, '2017-05-07 16:51:46', 37.2738, '2017-05-08 01:47:53'),
	('e1a2b3093d1494183472', 'e1a2b3093d', 'moodle3', 0, 103.449, 1.31062, '2017-05-07 16:51:46', 37.9693, '2017-05-08 01:57:53'),
	('e1a2b3093d1494184072', 'e1a2b3093d', 'moodle3', 0, 103.449, 1.31062, '2017-05-07 16:51:46', 38.6626, '2017-05-08 02:07:53'),
	('e1a2b3093d1494184672', 'e1a2b3093d', 'moodle3', 0, 103.449, 1.31062, '2017-05-07 16:51:46', 39.3572, '2017-05-08 02:17:53'),
	('e1a2b3093d1494185272', 'e1a2b3093d', 'moodle3', 0, 103.449, 1.31062, '2017-05-07 16:51:46', 40.0527, '2017-05-08 02:27:53'),
	('e1a2b3093d1494185872', 'e1a2b3093d', 'moodle3', 0, 103.449, 1.31062, '2017-05-07 16:51:46', 40.7459, '2017-05-08 02:37:53'),
	('e1a2b3093d1494186472', 'e1a2b3093d', 'moodle3', 0, 103.449, 1.31062, '2017-05-07 16:51:46', 41.4417, '2017-05-08 02:47:52'),
	('e1a2b3093d1494187072', 'e1a2b3093d', 'moodle3', 0, 103.449, 1.31062, '2017-05-07 16:51:46', 42.1349, '2017-05-08 02:57:53'),
	('e1a2b3093d1494187672', 'e1a2b3093d', 'moodle3', 0, 103.449, 1.31062, '2017-05-07 16:51:46', 42.8294, '2017-05-08 03:07:53'),
	('e1a2b3093d1494188272', 'e1a2b3093d', 'moodle3', 0, 103.449, 1.31062, '2017-05-07 16:51:46', 43.5238, '2017-05-08 03:17:52'),
	('e1a2b3093d1494188872', 'e1a2b3093d', 'moodle3', 0, 103.449, 1.31062, '2017-05-07 16:51:46', 44.2194, '2017-05-08 03:27:53'),
	('e1a2b3093d1494189472', 'e1a2b3093d', 'moodle3', 0, 103.445, 1.31057, '2017-05-07 16:51:46', 44.9126, '2017-05-08 03:37:52'),
	('e1a2b3093d1494190072', 'e1a2b3093d', 'moodle3', 0, 103.449, 1.31062, '2017-05-07 16:51:46', 45.6071, '2017-05-08 03:47:53'),
	('e1a2b3093d1494190672', 'e1a2b3093d', 'moodle3', 0, 103.449, 1.31062, '2017-05-07 16:51:46', 46.3016, '2017-05-08 03:57:53'),
	('e1a2b3093d1494191272', 'e1a2b3093d', 'moodle3', 0, 103.445, 1.31057, '2017-05-07 16:51:46', 46.9948, '2017-05-08 04:07:53'),
	('e1a2b3093d1494191872', 'e1a2b3093d', 'moodle3', 0, 103.449, 1.31062, '2017-05-07 16:51:46', 47.6905, '2017-05-08 04:17:53'),
	('e1a2b3093d1494192472', 'e1a2b3093d', 'moodle3', 0, 103.449, 1.31062, '2017-05-07 16:51:46', 48.3848, '2017-05-08 04:27:53'),
	('e1a2b3093d1494193072', 'e1a2b3093d', 'moodle3', 0, 103.453, 1.31067, '2017-05-07 16:51:46', 49.0782, '2017-05-08 04:37:53'),
	('e1a2b3093d1494193672', 'e1a2b3093d', 'moodle3', 0, 103.449, 1.31062, '2017-05-07 16:51:46', 49.7738, '2017-05-08 04:47:53'),
	('e1a2b3093d1494194272', 'e1a2b3093d', 'moodle3', 0, 103.449, 1.31062, '2017-05-07 16:51:46', 50.4682, '2017-05-08 04:57:52'),
	('e1a2b3093d1494194872', 'e1a2b3093d', 'moodle3', 0, 103.449, 1.31062, '2017-05-07 16:51:46', 51.1638, '2017-05-08 05:07:53'),
	('e1a2b3093d1494195472', 'e1a2b3093d', 'moodle3', 0, 103.449, 1.31062, '2017-05-07 16:51:46', 51.8571, '2017-05-08 05:17:53'),
	('e1a2b3093d1494196072', 'e1a2b3093d', 'moodle3', 0, 103.449, 1.31062, '2017-05-07 16:51:46', 52.5515, '2017-05-08 05:27:53'),
	('e1a2b3093d1494196672', 'e1a2b3093d', 'moodle3', 0, 103.449, 1.31062, '2017-05-07 16:51:46', 53.2449, '2017-05-08 05:37:53'),
	('e1a2b3093d1494197272', 'e1a2b3093d', 'moodle3', 0, 103.445, 1.31057, '2017-05-07 16:51:46', 53.9404, '2017-05-08 05:47:53'),
	('e1a2b3093d1494197872', 'e1a2b3093d', 'moodle3', 0, 103.445, 1.31057, '2017-05-07 16:51:46', 54.6337, '2017-05-08 05:57:52'),
	('e1a2b3093d1494198472', 'e1a2b3093d', 'moodle3', 0, 103.465, 1.31082, '2017-05-07 16:51:46', 55.3293, '2017-05-08 06:07:53'),
	('e1a2b3093d1494198473', 'e1a2b3093d', 'moodle3', 0, 103.465, 1.31082, '2017-05-07 16:51:46', 55.3304, '2017-05-08 06:07:53'),
	('e1a2b3093d1494199072', 'e1a2b3093d', 'moodle3', 0, 103.465, 1.31082, '2017-05-07 16:51:46', 56.0214, '2017-05-08 06:17:52'),
	('e1a2b3093d1494199672', 'e1a2b3093d', 'moodle3', 0, 103.465, 1.31082, '2017-05-07 16:51:46', 56.7171, '2017-05-08 06:27:53'),
	('e1a2b3093d1494199673', 'e1a2b3093d', 'moodle3', 0, 103.465, 1.31082, '2017-05-07 16:51:46', 56.7171, '2017-05-08 06:27:53'),
	('e1a2b3093d1494200272', 'e1a2b3093d', 'moodle3', 0, 103.465, 1.31082, '2017-05-07 16:51:46', 57.4138, '2017-05-08 06:37:53'),
	('e1a2b3093d1494200872', 'e1a2b3093d', 'moodle3', 0, 103.465, 1.31082, '2017-05-07 16:51:46', 58.1082, '2017-05-08 06:47:53'),
	('e1a2b3093d1494201472', 'e1a2b3093d', 'moodle3', 0, 103.465, 1.31082, '2017-05-07 16:51:46', 58.8015, '2017-05-08 06:57:53'),
	('e1a2b3093d1494202072', 'e1a2b3093d', 'moodle3', 0, 103.461, 1.31077, '2017-05-07 16:51:46', 59.4949, '2017-05-08 07:07:53'),
	('e1a2b3093d1494202672', 'e1a2b3093d', 'moodle3', 0, 103.461, 1.31077, '2017-05-07 16:51:46', 60.1904, '2017-05-08 07:17:53'),
	('e1a2b3093d1494202673', 'e1a2b3093d', 'moodle3', 0, 103.461, 1.31077, '2017-05-07 16:51:46', 60.1904, '2017-05-08 07:17:53'),
	('e1a2b3093d1494203272', 'e1a2b3093d', 'moodle3', 0, 103.465, 1.31082, '2017-05-07 16:51:46', 60.8849, '2017-05-08 07:27:53'),
	('e1a2b3093d1494203872', 'e1a2b3093d', 'moodle3', 0, 103.207, 1.30755, '2017-05-07 16:51:46', 61.5805, '2017-05-08 07:37:53'),
	('e1a2b3093d1494204472', 'e1a2b3093d', 'moodle3', 0, 103.207, 1.30755, '2017-05-07 16:51:46', 62.2738, '2017-05-08 07:47:53'),
	('e1a2b3093d1494205072', 'e1a2b3093d', 'moodle3', 0, 103.211, 1.3076, '2017-05-07 16:51:46', 62.967, '2017-05-08 07:57:52'),
	('e8f15c58731494178676', 'e8f15c5873', 'moodle6', 0, 89.7852, 1.13751, '2017-05-06 16:27:25', 134.1, '2017-05-08 00:37:56'),
	('e8f15c58731494179272', 'e8f15c5873', 'moodle6', 0, 89.7852, 1.13751, '2017-05-06 16:27:25', 134.789, '2017-05-08 00:47:53'),
	('e8f15c58731494179872', 'e8f15c5873', 'moodle6', 0, 89.7852, 1.13751, '2017-05-06 16:27:25', 135.483, '2017-05-08 00:57:53'),
	('e8f15c58731494179873', 'e8f15c5873', 'moodle6', 0, 89.7852, 1.13751, '2017-05-06 16:27:25', 135.483, '2017-05-08 00:57:53'),
	('e8f15c58731494180472', 'e8f15c5873', 'moodle6', 0, 89.7852, 1.13751, '2017-05-06 16:27:25', 136.178, '2017-05-08 01:07:53'),
	('e8f15c58731494181072', 'e8f15c5873', 'moodle6', 0, 89.7852, 1.13751, '2017-05-06 16:27:25', 136.872, '2017-05-08 01:17:53'),
	('e8f15c58731494181672', 'e8f15c5873', 'moodle6', 0, 89.7852, 1.13751, '2017-05-06 16:27:25', 137.567, '2017-05-08 01:27:53'),
	('e8f15c58731494182272', 'e8f15c5873', 'moodle6', 0, 89.7812, 1.13746, '2017-05-06 16:27:25', 138.26, '2017-05-08 01:37:53'),
	('e8f15c58731494182872', 'e8f15c5873', 'moodle6', 0, 89.7852, 1.13751, '2017-05-06 16:27:25', 138.956, '2017-05-08 01:47:53'),
	('e8f15c58731494183472', 'e8f15c5873', 'moodle6', 0, 89.7852, 1.13751, '2017-05-06 16:27:25', 139.651, '2017-05-08 01:57:53'),
	('e8f15c58731494184072', 'e8f15c5873', 'moodle6', 0, 89.7852, 1.13751, '2017-05-06 16:27:25', 140.344, '2017-05-08 02:07:53'),
	('e8f15c58731494184672', 'e8f15c5873', 'moodle6', 0, 89.7812, 1.13746, '2017-05-06 16:27:25', 141.039, '2017-05-08 02:17:53'),
	('e8f15c58731494185272', 'e8f15c5873', 'moodle6', 0, 89.7812, 1.13746, '2017-05-06 16:27:25', 141.734, '2017-05-08 02:27:53'),
	('e8f15c58731494185872', 'e8f15c5873', 'moodle6', 0, 89.7852, 1.13751, '2017-05-06 16:27:25', 142.428, '2017-05-08 02:37:53'),
	('e8f15c58731494186472', 'e8f15c5873', 'moodle6', 0, 89.7852, 1.13751, '2017-05-06 16:27:25', 143.123, '2017-05-08 02:47:53'),
	('e8f15c58731494187072', 'e8f15c5873', 'moodle6', 0, 89.7852, 1.13751, '2017-05-06 16:27:25', 143.817, '2017-05-08 02:57:53'),
	('e8f15c58731494187672', 'e8f15c5873', 'moodle6', 0, 89.7852, 1.13751, '2017-05-06 16:27:25', 144.511, '2017-05-08 03:07:53'),
	('e8f15c58731494188272', 'e8f15c5873', 'moodle6', 0, 89.7852, 1.13751, '2017-05-06 16:27:25', 145.206, '2017-05-08 03:17:52'),
	('e8f15c58731494188872', 'e8f15c5873', 'moodle6', 0, 89.7852, 1.13751, '2017-05-06 16:27:25', 145.901, '2017-05-08 03:27:53'),
	('e8f15c58731494189472', 'e8f15c5873', 'moodle6', 0, 89.7852, 1.13751, '2017-05-06 16:27:25', 146.594, '2017-05-08 03:37:52'),
	('e8f15c58731494190072', 'e8f15c5873', 'moodle6', 0, 89.7852, 1.13751, '2017-05-06 16:27:25', 147.289, '2017-05-08 03:47:53'),
	('e8f15c58731494190672', 'e8f15c5873', 'moodle6', 0, 89.7852, 1.13751, '2017-05-06 16:27:25', 147.983, '2017-05-08 03:57:53'),
	('e8f15c58731494191272', 'e8f15c5873', 'moodle6', 0, 89.7852, 1.13751, '2017-05-06 16:27:25', 148.677, '2017-05-08 04:07:53'),
	('e8f15c58731494191872', 'e8f15c5873', 'moodle6', 0, 89.7852, 1.13751, '2017-05-06 16:27:25', 149.372, '2017-05-08 04:17:53'),
	('e8f15c58731494192472', 'e8f15c5873', 'moodle6', 0, 89.7852, 1.13751, '2017-05-06 16:27:25', 150.067, '2017-05-08 04:27:53'),
	('e8f15c58731494193072', 'e8f15c5873', 'moodle6', 0, 89.7812, 1.13746, '2017-05-06 16:27:25', 150.76, '2017-05-08 04:37:53'),
	('e8f15c58731494193672', 'e8f15c5873', 'moodle6', 0, 89.7812, 1.13746, '2017-05-06 16:27:25', 151.455, '2017-05-08 04:47:53'),
	('e8f15c58731494194272', 'e8f15c5873', 'moodle6', 0, 89.7852, 1.13751, '2017-05-06 16:27:25', 152.15, '2017-05-08 04:57:53'),
	('e8f15c58731494194872', 'e8f15c5873', 'moodle6', 0, 89.7852, 1.13751, '2017-05-06 16:27:25', 152.846, '2017-05-08 05:07:53'),
	('e8f15c58731494195472', 'e8f15c5873', 'moodle6', 0, 89.7852, 1.13751, '2017-05-06 16:27:25', 153.539, '2017-05-08 05:17:53'),
	('e8f15c58731494196072', 'e8f15c5873', 'moodle6', 0, 89.7852, 1.13751, '2017-05-06 16:27:25', 154.233, '2017-05-08 05:27:53'),
	('e8f15c58731494196672', 'e8f15c5873', 'moodle6', 0, 89.7852, 1.13751, '2017-05-06 16:27:25', 154.927, '2017-05-08 05:37:53'),
	('e8f15c58731494197272', 'e8f15c5873', 'moodle6', 0, 89.7852, 1.13751, '2017-05-06 16:27:25', 155.622, '2017-05-08 05:47:53'),
	('e8f15c58731494197872', 'e8f15c5873', 'moodle6', 0, 89.7852, 1.13751, '2017-05-06 16:27:25', 156.316, '2017-05-08 05:57:53'),
	('e8f15c58731494198472', 'e8f15c5873', 'moodle6', 0, 89.793, 1.13761, '2017-05-06 16:27:25', 157.011, '2017-05-08 06:07:53'),
	('e8f15c58731494198473', 'e8f15c5873', 'moodle6', 0, 89.793, 1.13761, '2017-05-06 16:27:25', 157.012, '2017-05-08 06:07:53'),
	('e8f15c58731494199072', 'e8f15c5873', 'moodle6', 0, 89.793, 1.13761, '2017-05-06 16:27:25', 157.703, '2017-05-08 06:17:53'),
	('e8f15c58731494199672', 'e8f15c5873', 'moodle6', 0, 89.793, 1.13761, '2017-05-06 16:27:25', 158.399, '2017-05-08 06:27:53'),
	('e8f15c58731494199673', 'e8f15c5873', 'moodle6', 0, 89.793, 1.13761, '2017-05-06 16:27:25', 158.399, '2017-05-08 06:27:53'),
	('e8f15c58731494200272', 'e8f15c5873', 'moodle6', 0, 89.793, 1.13761, '2017-05-06 16:27:25', 159.096, '2017-05-08 06:37:53'),
	('e8f15c58731494200872', 'e8f15c5873', 'moodle6', 0, 89.793, 1.13761, '2017-05-06 16:27:25', 159.79, '2017-05-08 06:47:53'),
	('e8f15c58731494201472', 'e8f15c5873', 'moodle6', 0, 89.7852, 1.13751, '2017-05-06 16:27:25', 160.483, '2017-05-08 06:57:53'),
	('e8f15c58731494202072', 'e8f15c5873', 'moodle6', 0, 89.7891, 1.13756, '2017-05-06 16:27:25', 161.177, '2017-05-08 07:07:53'),
	('e8f15c58731494202672', 'e8f15c5873', 'moodle6', 0, 89.7891, 1.13756, '2017-05-06 16:27:25', 161.872, '2017-05-08 07:17:53'),
	('e8f15c58731494202673', 'e8f15c5873', 'moodle6', 0, 89.7891, 1.13756, '2017-05-06 16:27:25', 161.872, '2017-05-08 07:17:53'),
	('e8f15c58731494203272', 'e8f15c5873', 'moodle6', 0, 89.793, 1.13761, '2017-05-06 16:27:25', 162.567, '2017-05-08 07:27:53'),
	('e8f15c58731494203872', 'e8f15c5873', 'moodle6', 0, 89.0234, 1.12786, '2017-05-06 16:27:25', 163.262, '2017-05-08 07:37:53'),
	('e8f15c58731494204472', 'e8f15c5873', 'moodle6', 0, 88.6055, 1.12256, '2017-05-06 16:27:25', 163.955, '2017-05-08 07:47:53'),
	('e8f15c58731494205072', 'e8f15c5873', 'moodle6', 0, 88.6016, 1.12251, '2017-05-06 16:27:25', 164.649, '2017-05-08 07:57:53');
/*!40000 ALTER TABLE `stats` ENABLE KEYS */;

/*!40101 SET SQL_MODE=IFNULL(@OLD_SQL_MODE, '') */;
/*!40014 SET FOREIGN_KEY_CHECKS=IF(@OLD_FOREIGN_KEY_CHECKS IS NULL, 1, @OLD_FOREIGN_KEY_CHECKS) */;
/*!40101 SET CHARACTER_SET_CLIENT=@OLD_CHARACTER_SET_CLIENT */;
